-- MySQL dump 10.13  Distrib 8.0.15, for Win64 (x86_64)
--
-- Host: localhost    Database: datawarehouse
-- ------------------------------------------------------
-- Server version	8.0.15

/*!40101 SET @OLD_CHARACTER_SET_CLIENT=@@CHARACTER_SET_CLIENT */;
/*!40101 SET @OLD_CHARACTER_SET_RESULTS=@@CHARACTER_SET_RESULTS */;
/*!40101 SET @OLD_COLLATION_CONNECTION=@@COLLATION_CONNECTION */;
 SET NAMES utf8 ;
/*!40103 SET @OLD_TIME_ZONE=@@TIME_ZONE */;
/*!40103 SET TIME_ZONE='+00:00' */;
/*!40014 SET @OLD_UNIQUE_CHECKS=@@UNIQUE_CHECKS, UNIQUE_CHECKS=0 */;
/*!40014 SET @OLD_FOREIGN_KEY_CHECKS=@@FOREIGN_KEY_CHECKS, FOREIGN_KEY_CHECKS=0 */;
/*!40101 SET @OLD_SQL_MODE=@@SQL_MODE, SQL_MODE='NO_AUTO_VALUE_ON_ZERO' */;
/*!40111 SET @OLD_SQL_NOTES=@@SQL_NOTES, SQL_NOTES=0 */;

--
-- Table structure for table `asignaturas`
--

DROP TABLE IF EXISTS `asignaturas`;
/*!40101 SET @saved_cs_client     = @@character_set_client */;
 SET character_set_client = utf8mb4 ;
CREATE TABLE `asignaturas` (
  `CA` int(11) NOT NULL,
  `Asignatura` varchar(50) DEFAULT NULL,
  `Curso` int(11) DEFAULT NULL,
  `TpVp` varchar(45) DEFAULT NULL,
  `HDocAsig` float DEFAULT NULL,
  `CG` int(11) DEFAULT NULL,
  PRIMARY KEY (`CA`),
  KEY `CG_idx` (`CG`),
  CONSTRAINT `CGAsig` FOREIGN KEY (`CG`) REFERENCES `grados` (`CG`) ON DELETE CASCADE ON UPDATE CASCADE
) ENGINE=InnoDB DEFAULT CHARSET=utf8;
/*!40101 SET character_set_client = @saved_cs_client */;

--
-- Dumping data for table `asignaturas`
--

LOCK TABLES `asignaturas` WRITE;
/*!40000 ALTER TABLE `asignaturas` DISABLE KEYS */;
INSERT INTO `asignaturas` VALUES (6344,'FUNDAMENTOS DEONTOLÓGICOS Y JURÍDICOS DE LAS TIC',1,'SEMESTRE: 1',54,63),(6345,'ÁLGEBRA LINEAL',1,'SEMESTRE: 1',54,63),(6346,'INFORMÁTICA BÁSICA',1,'SEMESTRE: 1',54,63),(6347,'FUNDAMENTOS FÍSICOS DE LA INFORMÁTICA',1,'SEMESTRE: 1',54,63),(6348,'MATEMÁTICA DISCRETA',1,'SEMESTRE: 1',54,63),(6349,'INGLÉS APLICADO A LA INFORMÁTICA',1,'SEMESTRE: 2',54,63),(6350,'CÁLCULO',1,'SEMESTRE: 2',54,63),(6351,'PROGRAMACIÓN',1,'SEMESTRE: 2',54,63),(6352,'FUNDAMENTOS DE COMPUTADORES',1,'SEMESTRE: 2',54,63),(6353,'SISTEMAS OPERATIVOS',1,'SEMESTRE: 2',54,63),(6354,'METODOLOGÍA DE LA PROGRAMACIÓN',2,'SEMESTRE: 1',54,63),(6355,'ESTADÍSTICA',2,'SEMESTRE: 1',54,63),(6356,'INGENIERÍA DEL SOFTWARE',2,'SEMESTRE: 1',54,63),(6357,'BASES DE DATOS',2,'SEMESTRE: 1',54,63),(6358,'ARQUITECTURA DE COMPUTADORES',2,'SEMESTRE: 1',54,63),(6359,'ESTRUCTURAS DE DATOS',2,'SEMESTRE: 2',54,63),(6360,'REDES',2,'SEMESTRE: 2',54,63),(6361,'INTERACCIÓN HOMBRE-MÁQUINA',2,'SEMESTRE: 2',54,63),(6362,'FUNDAMENTOS DE ORGANIZACIÓN Y GESTIÓN DE EMPRESAS',2,'SEMESTRE: 2',54,63),(6363,'ANÁLISIS Y DISEÑO DE SISTEMAS',2,'SEMESTRE: 2',54,63),(6364,'ARQUITECTURAS PARALELAS',3,'SEMESTRE: 1',54,63),(6365,'SISTEMAS INTELIGENTES',3,'SEMESTRE: 1',54,63),(6366,'GESTIÓN DE PROYECTOS',3,'SEMESTRE: 1',54,63),(6367,'DISEÑO Y ADMINISTRACIÓN DE SISTEMAS Y REDES',3,'SEMESTRE: 1',54,63),(6368,'PROCESADORES DEL LENGUAJE',3,'SEMESTRE: 1',54,63),(6369,'PROGRAMACIÓN CONCURRENTE Y DE TIEMPO REAL',3,'SEMESTRE: 2',54,63),(6370,'SEGURIDAD INFORMÁTICA',3,'SEMESTRE: 2',54,63),(6371,'APLICACIONES DE BASES DE DATOS',3,'SEMESTRE: 2',54,63),(6372,'ALGORITMIA',3,'SEMESTRE: 2',54,63),(6373,'MÉTODOS NUMÉRICOS Y OPTIMIZACIÓN',3,'SEMESTRE: 2',54,63),(6374,'CONTROL POR COMPUTADOR',4,'SEMESTRE: 1',54,63),(6375,'DISEÑO E IMPLEMENTACIÓN DE SISTEMAS DIGITALES',4,'SEMESTRE: 1',54,63),(6376,'VALIDACIÓN Y PRUEBAS',4,'SEMESTRE: 1',54,63),(6377,'GESTIÓN DE LA INFORMACIÓN',4,'SEMESTRE: 1',54,63),(6378,'DISEÑO Y MANTENIMIENTO DEL SOFTWARE',4,'SEMESTRE: 1',54,63),(6379,'ORGANIZACIÓN Y GESTIÓN DE EMPRESAS',4,'SEMESTRE: 1',54,63),(6380,'MANTENIMIENTO DE EQUIPOS INFORMÁTICOS',4,'SEMESTRE: 1',54,63),(6381,'HARDWARE DE APLICACIÓN ESPECÍFICA',4,'SEMESTRE: 1',54,63),(6382,'COMPUTACIÓN NEURONAL Y EVOLUTIVA',4,'SEMESTRE: 1',54,63),(6383,'PROGRAMACIÓN DE SISTEMAS OPERATIVOS',4,'SEMESTRE: 1',54,63),(6384,'SISTEMAS DISTRIBUIDOS',4,'SEMESTRE: 2',54,63),(6385,'SISTEMAS EMPOTRADOS Y DE TIEMPO REAL',4,'SEMESTRE: 2',54,63),(6386,'MÉTODOS FORMALES',4,'SEMESTRE: 2',54,63),(6387,'NUEVAS TECNOLOGÍAS Y EMPRESA',4,'SEMESTRE: 2',54,63),(6388,'MINERÍA DE DATOS',4,'SEMESTRE: 2',54,63),(6389,'DESARROLLO AVANZADO DE SISTEMAS SOFTWARE',4,'SEMESTRE: 2',54,63),(6390,'PRÁCTICAS EN EMPRESA',4,'SEMESTRE: 1',10.8,63),(6391,'TRABAJO FIN DE GRADO',4,'SEMESTRE: 1',143.64,63);
/*!40000 ALTER TABLE `asignaturas` ENABLE KEYS */;
UNLOCK TABLES;

--
-- Temporary view structure for view `asignaturasorden`
--

DROP TABLE IF EXISTS `asignaturasorden`;
/*!50001 DROP VIEW IF EXISTS `asignaturasorden`*/;
SET @saved_cs_client     = @@character_set_client;
SET character_set_client = utf8mb4;
/*!50001 CREATE VIEW `asignaturasorden` AS SELECT 
 1 AS `CA`,
 1 AS `Asignatura`,
 1 AS `Curso`,
 1 AS `TpVp`,
 1 AS `CG`,
 1 AS `Grado`,
 1 AS `HProfGrup`*/;
SET character_set_client = @saved_cs_client;

--
-- Temporary view structure for view `dataframeview`
--

DROP TABLE IF EXISTS `dataframeview`;
/*!50001 DROP VIEW IF EXISTS `dataframeview`*/;
SET @saved_cs_client     = @@character_set_client;
SET character_set_client = utf8mb4;
/*!50001 CREATE VIEW `dataframeview` AS SELECT 
 1 AS `CA`,
 1 AS `Asignatura`,
 1 AS `Curso`,
 1 AS `TpVp`,
 1 AS `HDocAsig`,
 1 AS `HDocTipGr`,
 1 AS `TipDoc`,
 1 AS `Grupo`,
 1 AS `CProf`,
 1 AS `Profesor`,
 1 AS `HProfGrup`,
 1 AS `Igrup`,
 1 AS `Iprof`,
 1 AS `Actas`,
 1 AS `CDS`,
 1 AS `Docencia`,
 1 AS `Resp`,
 1 AS `Macrogrupo`,
 1 AS `OfertaConjunta`,
 1 AS `CG`,
 1 AS `Grado`,
 1 AS `Anno`,
 1 AS `Fecha`*/;
SET character_set_client = @saved_cs_client;

--
-- Table structure for table `grados`
--

DROP TABLE IF EXISTS `grados`;
/*!40101 SET @saved_cs_client     = @@character_set_client */;
 SET character_set_client = utf8mb4 ;
CREATE TABLE `grados` (
  `CG` int(11) NOT NULL,
  `Grado` varchar(45) DEFAULT NULL,
  PRIMARY KEY (`CG`)
) ENGINE=InnoDB DEFAULT CHARSET=utf8;
/*!40101 SET character_set_client = @saved_cs_client */;

--
-- Dumping data for table `grados`
--

LOCK TABLES `grados` WRITE;
/*!40000 ALTER TABLE `grados` DISABLE KEYS */;
INSERT INTO `grados` VALUES (63,'GRADO EN INGENIERÍA INFORMÁTICA');
/*!40000 ALTER TABLE `grados` ENABLE KEYS */;
UNLOCK TABLES;

--
-- Table structure for table `grupos`
--

DROP TABLE IF EXISTS `grupos`;
/*!40101 SET @saved_cs_client     = @@character_set_client */;
 SET character_set_client = utf8mb4 ;
CREATE TABLE `grupos` (
  `Grupo` varchar(45) NOT NULL,
  `Igrup` varchar(60) DEFAULT NULL,
  `Macrogrupo` float DEFAULT NULL,
  `HDocTipGr` float DEFAULT NULL,
  `TipDoc` int(11) DEFAULT NULL,
  `CA` int(11) NOT NULL,
  PRIMARY KEY (`CA`,`Grupo`),
  KEY `CA_idx` (`CA`),
  CONSTRAINT `CA` FOREIGN KEY (`CA`) REFERENCES `asignaturas` (`CA`) ON DELETE CASCADE ON UPDATE CASCADE
) ENGINE=InnoDB DEFAULT CHARSET=utf8;
/*!40101 SET character_set_client = @saved_cs_client */;

--
-- Dumping data for table `grupos`
--

LOCK TABLES `grupos` WRITE;
/*!40000 ALTER TABLE `grupos` DISABLE KEYS */;
INSERT INTO `grupos` VALUES ('1','Castellano',0,27,1,6344),('101','Castellano',0,27,2,6344),('102','Castellano',0,27,2,6344),('103','Castellano',0,27,2,6344),('2','Castellano',0,27,1,6344),('201','Castellano',0,27,2,6344),('202','Castellano',0,27,2,6344),('203','Castellano',0,27,2,6344),('90','Castellano',0,27,1,6344),('901','Castellano',0,27,2,6344),('902','Castellano',0,27,2,6344),('1','Castellano',0,27,1,6345),('101','Castellano',0,27,2,6345),('102','Castellano',0,27,2,6345),('103','Castellano',0,27,2,6345),('2','Castellano',0,27,1,6345),('201','Castellano',0,27,2,6345),('202','Castellano',0,27,2,6345),('203','Castellano',0,27,2,6345),('90','Castellano',0,27,1,6345),('901','Castellano',0,27,2,6345),('902','Castellano',0,27,2,6345),('1','Castellano',0,27,1,6346),('101','Castellano',0,27,2,6346),('102','Castellano',0,27,2,6346),('103','Castellano',0,27,2,6346),('2','Castellano',0,27,1,6346),('201','Castellano',0,27,2,6346),('202','Castellano',0,27,2,6346),('203','Castellano',0,27,2,6346),('90','Castellano',0,27,1,6346),('901','Castellano',0,27,2,6346),('902','Castellano',0,27,2,6346),('1','Castellano',0,27,1,6347),('101','Castellano',0,27,2,6347),('102','Castellano',0,27,2,6347),('103','Castellano',0,27,2,6347),('2','Castellano',0,27,1,6347),('201','Castellano',0,27,2,6347),('202','Castellano',0,27,2,6347),('203','Castellano',0,27,2,6347),('90','Castellano',0,27,1,6347),('901','Castellano',0,27,2,6347),('902','Castellano',0,27,2,6347),('1','Castellano',0,27,1,6348),('101','Castellano',0,27,2,6348),('102','Castellano',0,27,2,6348),('103','Castellano',0,27,2,6348),('104','Castellano',0,27,2,6348),('2','Castellano',0,27,1,6348),('201','Castellano',0,27,2,6348),('202','Castellano',0,27,2,6348),('203','Castellano',0,27,2,6348),('90','Castellano',0,27,1,6348),('901','Castellano',0,27,2,6348),('902','Castellano',0,27,2,6348),('1','Castellano',0,27,1,6349),('101','Castellano',0,27,2,6349),('102','Castellano',0,27,2,6349),('103','Castellano',0,27,2,6349),('2','Castellano',0,27,1,6349),('201','Castellano',0,27,2,6349),('202','Castellano',0,27,2,6349),('203','Castellano',0,27,2,6349),('90','Castellano',0,27,1,6349),('901','Castellano',0,27,2,6349),('902','Castellano',0,27,2,6349),('1','Castellano',0,27,1,6350),('101','Castellano',0,27,2,6350),('102','Castellano',0,27,2,6350),('103','Castellano',0,27,2,6350),('2','Castellano',0,27,1,6350),('201','Castellano',0,27,2,6350),('202','Castellano',0,27,2,6350),('203','Castellano',0,27,2,6350),('90','Castellano',0,27,1,6350),('901','Castellano',0,27,2,6350),('902','Castellano',0,27,2,6350),('1','Castellano',0,27,1,6351),('101','Castellano',0,27,2,6351),('102','Castellano',0,27,2,6351),('103','Castellano',0,27,2,6351),('2','Castellano',0,27,1,6351),('201','Castellano',0,27,2,6351),('202','Castellano',0,27,2,6351),('203','Castellano',0,27,2,6351),('204','literal \' \' no encontrado',0,27,2,6351),('90','Castellano',0,27,1,6351),('901','Castellano',0,27,2,6351),('902','Castellano',0,27,2,6351),('1','Castellano',0,27,1,6352),('101','Castellano',0,27,2,6352),('102','Castellano',0,27,2,6352),('103','Castellano',0,27,2,6352),('2','Castellano',0,27,1,6352),('201','Castellano',0,27,2,6352),('202','Castellano',0,27,2,6352),('203','Castellano',0,27,2,6352),('90','Castellano',0,27,1,6352),('901','Castellano',0,27,2,6352),('902','Castellano',0,27,2,6352),('1','Castellano',0,27,1,6353),('101','Castellano',0,27,2,6353),('102','Castellano',0,27,2,6353),('103','Castellano',0,27,2,6353),('2','Castellano',0,27,1,6353),('201','Castellano',0,27,2,6353),('202','Castellano',0,27,2,6353),('203','Castellano',0,27,2,6353),('204','Castellano',0,27,2,6353),('90','Castellano',0,27,1,6353),('901','Castellano',0,27,2,6353),('902','Castellano',0,27,2,6353),('1','Castellano',0,27,1,6354),('101','Castellano',0,27,2,6354),('102','Castellano',0,27,2,6354),('103','Castellano',0,27,2,6354),('104','Castellano',0,27,2,6354),('90','Castellano',0,27,1,6354),('901','Castellano',0,27,2,6354),('1','Castellano',0,27,1,6355),('101','Castellano',0,27,2,6355),('102','Castellano',0,27,2,6355),('103','Castellano',0,27,2,6355),('104','Castellano',0,27,2,6355),('90','Castellano',0,27,1,6355),('901','Castellano',0,27,2,6355),('1','Castellano',0,27,1,6356),('101','Castellano',0,27,2,6356),('102','Castellano',0,27,2,6356),('103','Castellano',0,27,2,6356),('90','Castellano',0,27,1,6356),('901','Castellano',0,27,2,6356),('1','Castellano',0,27,1,6357),('101','Castellano',0,27,2,6357),('102','Castellano',0,27,2,6357),('103','Castellano',0,27,2,6357),('104','Castellano',0,27,2,6357),('90','Castellano',0,27,1,6357),('901','Castellano',0,27,2,6357),('1','Castellano',0,27,1,6358),('101','Castellano',0,27,2,6358),('102','Castellano',0,27,2,6358),('103','literal \' \' no encontrado',0,27,2,6358),('104','Castellano',0,27,2,6358),('90','Castellano',0,27,1,6358),('901','Castellano',0,27,2,6358),('1','Castellano',0,27,1,6359),('101','Castellano',0,27,2,6359),('102','Castellano',0,27,2,6359),('103','Castellano',0,27,2,6359),('104','Castellano',0,27,2,6359),('90','literal \' \' no encontrado',0,27,1,6359),('901','literal \' \' no encontrado',0,27,2,6359),('1','Castellano',0,27,1,6360),('101','Castellano',0,27,2,6360),('102','Castellano',0,27,2,6360),('103','Castellano',0,27,2,6360),('90','Castellano',0,27,1,6360),('901','Castellano',0,27,2,6360),('1','Castellano',0,27,1,6361),('101','Castellano',0,27,2,6361),('102','Castellano',0,27,2,6361),('103','Castellano',0,27,2,6361),('90','Castellano',0,27,1,6361),('901','Castellano',0,27,2,6361),('1','Castellano',0,27,1,6362),('101','Castellano',0,27,2,6362),('102','Castellano',0,27,2,6362),('103','Castellano',0,27,2,6362),('90','Castellano',0,27,1,6362),('901','Castellano',0,27,2,6362),('1','Castellano',0,27,1,6363),('101','Castellano',0,27,2,6363),('102','Castellano',0,27,2,6363),('103','Castellano',0,27,2,6363),('90','Castellano',0,27,1,6363),('901','Castellano',0,27,2,6363),('1','Castellano',0,27,1,6364),('101','Castellano',0,27,2,6364),('102','Castellano',0,27,2,6364),('90','Castellano',0,27,1,6364),('901','Castellano',0,27,2,6364),('1','Castellano',0,27,1,6365),('101','Castellano',0,27,2,6365),('102','Castellano',0,27,2,6365),('90','Castellano',0,27,1,6365),('901','Castellano',0,27,2,6365),('1','Castellano',0,27,1,6366),('101','Castellano',0,27,2,6366),('102','Castellano',0,27,2,6366),('90','Castellano',0,27,1,6366),('901','Castellano',0,27,2,6366),('1','Castellano',0,27,1,6367),('101','Castellano',0,27,2,6367),('102','Castellano',0,27,2,6367),('90','Castellano',0,27,1,6367),('901','Castellano',0,27,2,6367),('1','Castellano',0,27,1,6368),('101','Castellano',0,27,2,6368),('102','Castellano',0,27,2,6368),('90','Castellano',0,27,1,6368),('901','Castellano',0,27,2,6368),('1','Castellano',0,27,1,6369),('101','Castellano',0,27,2,6369),('102','Castellano',0,27,2,6369),('90','Castellano',0,27,1,6369),('901','Castellano',0,27,2,6369),('1','Castellano',0,27,1,6370),('101','Castellano',0,27,2,6370),('102','Castellano',0,27,2,6370),('90','Castellano',0,27,1,6370),('901','Castellano',0,27,2,6370),('1','Castellano',0,27,1,6371),('101','Castellano',0,27,2,6371),('102','Castellano',0,27,2,6371),('90','Castellano',0,27,1,6371),('901','Castellano',0,27,2,6371),('1','Castellano',0,27,1,6372),('101','Castellano',0,27,2,6372),('102','Castellano',0,27,2,6372),('90','Castellano',0,27,1,6372),('901','Castellano',0,27,2,6372),('1','Castellano',0,27,1,6373),('101','Castellano',0,27,2,6373),('102','Castellano',0,27,2,6373),('90','literal \' \' no encontrado',0,27,1,6373),('901','literal \' \' no encontrado',0,27,2,6373),('1','Castellano',0,27,1,6374),('101','nan',0,27,2,6374),('1','Castellano',0,27,1,6375),('101','Castellano',0,27,2,6375),('1','Castellano',0,27,1,6376),('101','Castellano',0,27,2,6376),('90','Castellano',0,27,1,6376),('901','Castellano',0,27,2,6376),('1','Castellano',0,27,1,6377),('101','Castellano',0,27,2,6377),('90','Castellano',0,27,1,6377),('901','Castellano',0,27,2,6377),('1','Castellano',0,27,1,6378),('101','Castellano',0,27,2,6378),('1','Castellano',0,27,1,6379),('101','Castellano',0,27,2,6379),('90','Castellano',0,27,1,6379),('901','Castellano',0,27,2,6379),('1','Castellano',0,27,1,6380),('101','Castellano',0,27,2,6380),('1','Castellano',0,27,1,6381),('101','Castellano',0,27,2,6381),('1','Castellano',0,27,1,6382),('101','Castellano',0,27,2,6382),('90','Castellano',0,27,1,6382),('901','Castellano',0,27,2,6382),('1','Castellano',0,27,1,6383),('101','Castellano',0,27,2,6383),('1','Castellano',0,27,1,6384),('101','Castellano',0,27,2,6384),('90','Castellano',0,27,1,6384),('901','Castellano',0,27,2,6384),('1','Castellano',0,27,1,6385),('101','literal \' \' no encontrado',0,27,2,6385),('90','Castellano',0,27,1,6385),('901','Castellano',0,27,2,6385),('1','Castellano',0,27,1,6386),('101','nan',0,27,2,6386),('90','Castellano',0,27,1,6386),('901','Castellano',0,27,2,6386),('1','Castellano',0,27,1,6387),('101','Castellano',0,27,2,6387),('90','Castellano',0,27,1,6387),('901','Castellano',0,27,2,6387),('1','Castellano',0,27,1,6388),('101','Castellano',0,27,2,6388),('90','Castellano',0,27,1,6388),('901','Castellano',0,27,2,6388),('1','Castellano',0,27,1,6389),('101','Castellano',0,27,2,6389),('90','Castellano',0,27,1,6389),('901','Castellano',0,27,2,6389),('1','Castellano',0,10.8,1,6390),('2','Castellano',0,10.8,1,6390),('1','Castellano',0,143.64,1,6391),('2','Castellano',0,143.64,1,6391),('90','Castellano',0,143.64,1,6391),('91','Castellano',0,143.64,1,6391);
/*!40000 ALTER TABLE `grupos` ENABLE KEYS */;
UNLOCK TABLES;

--
-- Table structure for table `horas`
--

DROP TABLE IF EXISTS `horas`;
/*!40101 SET @saved_cs_client     = @@character_set_client */;
 SET character_set_client = utf8mb4 ;
CREATE TABLE `horas` (
  `CG` int(11) DEFAULT NULL,
  `Grupo` int(11) DEFAULT NULL,
  `Cprof` int(11) DEFAULT NULL,
  `CA` int(11) DEFAULT NULL,
  `Anno` text,
  `HProfGrup` double DEFAULT NULL
) ENGINE=InnoDB DEFAULT CHARSET=utf8;
/*!40101 SET character_set_client = @saved_cs_client */;

--
-- Dumping data for table `horas`
--

LOCK TABLES `horas` WRITE;
/*!40000 ALTER TABLE `horas` DISABLE KEYS */;
INSERT INTO `horas` VALUES (1,1,34802,6347,'2018-19',0),(1,1,1000058,6347,'2018-19',0),(1,1,1000231,6347,'2018-19',27),(1,101,1000231,6347,'2018-19',27),(1,102,1000231,6347,'2018-19',27),(1,103,1000231,6347,'2018-19',27),(1,2,34802,6347,'2018-19',0),(1,2,1000058,6347,'2018-19',27),(1,2,1000231,6347,'2018-19',0),(1,201,34802,6347,'2018-19',27),(1,202,1000058,6347,'2018-19',27),(1,203,1000058,6347,'2018-19',27),(1,90,1000053,6347,'2018-19',18),(1,90,1000058,6347,'2018-19',9),(1,901,1000053,6347,'2018-19',18),(1,901,1000058,6347,'2018-19',9),(1,902,1000053,6347,'2018-19',18),(1,902,1000058,6347,'2018-19',9),(1,1,1000656,6345,'2018-19',27),(1,101,1000656,6345,'2018-19',27),(1,102,1000656,6345,'2018-19',27),(1,103,1000656,6345,'2018-19',27),(1,2,1000634,6345,'2018-19',27),(1,2,1000656,6345,'2018-19',0),(1,201,1000656,6345,'2018-19',27),(1,202,1000634,6345,'2018-19',27),(1,203,1000656,6345,'2018-19',0),(1,90,28423,6345,'2018-19',0),(1,90,100946,6345,'2018-19',27),(1,901,28423,6345,'2018-19',27),(1,902,28423,6345,'2018-19',27),(1,1,49086,6344,'2018-19',13.5),(1,1,56942,6344,'2018-19',13.5),(1,101,49086,6344,'2018-19',13.5),(1,101,56942,6344,'2018-19',13.5),(1,102,49086,6344,'2018-19',13.5),(1,102,56942,6344,'2018-19',13.5),(1,103,49086,6344,'2018-19',13.5),(1,103,56942,6344,'2018-19',13.5),(1,2,49086,6344,'2018-19',13.5),(1,2,56942,6344,'2018-19',13.5),(1,201,49086,6344,'2018-19',13.5),(1,201,56942,6344,'2018-19',13.5),(1,202,49086,6344,'2018-19',13.5),(1,202,56942,6344,'2018-19',13.5),(1,203,49086,6344,'2018-19',13.5),(1,203,56942,6344,'2018-19',13.5),(1,90,49086,6344,'2018-19',13.5),(1,90,56942,6344,'2018-19',13.5),(1,901,49086,6344,'2018-19',13.5),(1,901,56942,6344,'2018-19',13.5),(1,902,49086,6344,'2018-19',13.5),(1,902,56942,6344,'2018-19',13.5),(1,1,1000363,6348,'2018-19',27),(1,101,1000363,6348,'2018-19',27),(1,102,1000363,6348,'2018-19',27),(1,103,1000363,6348,'2018-19',27),(1,104,0,6348,'2018-19',NULL),(1,2,1000363,6348,'2018-19',27),(1,201,1000363,6348,'2018-19',27),(1,202,1000363,6348,'2018-19',27),(1,203,1000363,6348,'2018-19',27),(1,90,1000363,6348,'2018-19',27),(1,901,1000363,6348,'2018-19',27),(1,902,1000363,6348,'2018-19',27),(1,1,74642,6346,'2018-19',0),(1,1,1004836,6346,'2018-19',0),(1,1,1013983,6346,'2018-19',27),(1,101,1013983,6346,'2018-19',27),(1,102,1013983,6346,'2018-19',27),(1,103,74642,6346,'2018-19',27),(1,2,74642,6346,'2018-19',27),(1,2,1004836,6346,'2018-19',0),(1,201,1004836,6346,'2018-19',27),(1,202,74642,6346,'2018-19',27),(1,203,1004836,6346,'2018-19',27),(1,90,74642,6346,'2018-19',0),(1,90,90225,6346,'2018-19',27),(1,901,74642,6346,'2018-19',10),(1,901,90225,6346,'2018-19',17),(1,902,74642,6346,'2018-19',10),(1,902,90225,6346,'2018-19',17),(1,1,52186,6351,'2018-19',9),(1,1,74642,6351,'2018-19',18),(1,1,84218,6351,'2018-19',0),(1,1,1013983,6351,'2018-19',0),(1,101,74642,6351,'2018-19',27),(1,102,84218,6351,'2018-19',27),(1,103,52186,6351,'2018-19',27),(1,2,52186,6351,'2018-19',0),(1,2,74642,6351,'2018-19',0),(1,2,84218,6351,'2018-19',0),(1,2,1013983,6351,'2018-19',27),(1,201,1013983,6351,'2018-19',27),(1,202,1013983,6351,'2018-19',27),(1,203,1013983,6351,'2018-19',27),(1,204,84218,6351,'2018-19',27),(1,90,74642,6351,'2018-19',0),(1,90,90225,6351,'2018-19',27),(1,901,74642,6351,'2018-19',10),(1,901,90225,6351,'2018-19',17),(1,902,74642,6351,'2018-19',10),(1,902,90225,6351,'2018-19',17),(1,1,5620,6349,'2018-19',27),(1,101,5620,6349,'2018-19',27),(1,102,5620,6349,'2018-19',27),(1,103,5620,6349,'2018-19',27),(1,2,5679,6349,'2018-19',0),(1,2,92704,6349,'2018-19',0),(1,2,1016152,6349,'2018-19',27),(1,201,5679,6349,'2018-19',27),(1,202,92704,6349,'2018-19',27),(1,203,1016152,6349,'2018-19',27),(1,90,5679,6349,'2018-19',27),(1,901,5679,6349,'2018-19',27),(1,902,1009642,6349,'2018-19',27),(1,1,24202,6353,'2018-19',0),(1,1,1000505,6353,'2018-19',27),(1,1,1000637,6353,'2018-19',0),(1,1,1009788,6353,'2018-19',0),(1,101,1000637,6353,'2018-19',27),(1,102,1000637,6353,'2018-19',27),(1,103,1009788,6353,'2018-19',27),(1,2,24202,6353,'2018-19',0),(1,2,1000505,6353,'2018-19',27),(1,2,1009788,6353,'2018-19',0),(1,201,1009788,6353,'2018-19',27),(1,202,1000505,6353,'2018-19',27),(1,203,1000505,6353,'2018-19',18),(1,203,1009788,6353,'2018-19',9),(1,204,24202,6353,'2018-19',27),(1,90,24202,6353,'2018-19',27),(1,90,1000505,6353,'2018-19',0),(1,901,24202,6353,'2018-19',27),(1,902,24202,6353,'2018-19',27),(1,1,1000219,6350,'2018-19',0),(1,1,1000368,6350,'2018-19',0),(1,1,1000432,6350,'2018-19',27),(1,1,1000653,6350,'2018-19',0),(1,101,1000432,6350,'2018-19',27),(1,102,1000432,6350,'2018-19',27),(1,103,1000219,6350,'2018-19',27),(1,2,1000219,6350,'2018-19',0),(1,2,1000368,6350,'2018-19',0),(1,2,1000432,6350,'2018-19',27),(1,2,1000653,6350,'2018-19',0),(1,201,1000653,6350,'2018-19',27),(1,202,1000368,6350,'2018-19',27),(1,203,0,6350,'2018-19',NULL),(1,90,28423,6350,'2018-19',27),(1,901,28423,6350,'2018-19',27),(1,902,28423,6350,'2018-19',27),(1,1,11045,6352,'2018-19',27),(1,101,11045,6352,'2018-19',27),(1,102,11045,6352,'2018-19',27),(1,103,11045,6352,'2018-19',27),(1,2,11045,6352,'2018-19',27),(1,201,11045,6352,'2018-19',27),(1,202,11045,6352,'2018-19',27),(1,203,0,6352,'2018-19',NULL),(1,90,60856,6352,'2018-19',27),(1,901,60856,6352,'2018-19',27),(1,902,60856,6352,'2018-19',27),(1,1,100946,6355,'2018-19',27),(1,101,100946,6355,'2018-19',27),(1,102,100946,6355,'2018-19',27),(1,103,100946,6355,'2018-19',27),(1,104,0,6355,'2018-19',NULL),(1,90,100946,6355,'2018-19',27),(1,901,100946,6355,'2018-19',27),(1,1,29395,6358,'2018-19',27),(1,101,29395,6358,'2018-19',27),(1,102,29395,6358,'2018-19',27),(1,103,29395,6358,'2018-19',27),(1,104,29395,6358,'2018-19',27),(1,90,29395,6358,'2018-19',27),(1,901,29395,6358,'2018-19',27),(1,1,55146,6357,'2018-19',27),(1,101,55146,6357,'2018-19',27),(1,102,55146,6357,'2018-19',27),(1,103,55146,6357,'2018-19',27),(1,104,55146,6357,'2018-19',27),(1,90,35796,6357,'2018-19',27),(1,901,35796,6357,'2018-19',27),(1,1,1000287,6354,'2018-19',27),(1,101,1000287,6354,'2018-19',27),(1,102,1000287,6354,'2018-19',27),(1,103,1000287,6354,'2018-19',27),(1,104,1000287,6354,'2018-19',27),(1,90,1000287,6354,'2018-19',27),(1,901,1000287,6354,'2018-19',27),(1,1,48887,6356,'2018-19',0),(1,1,1000942,6356,'2018-19',27),(1,101,48887,6356,'2018-19',27),(1,102,1000942,6356,'2018-19',27),(1,103,1000942,6356,'2018-19',27),(1,90,48887,6356,'2018-19',27),(1,901,48887,6356,'2018-19',27),(1,1,48887,6363,'2018-19',0),(1,1,1000942,6363,'2018-19',27),(1,1,1015483,6363,'2018-19',0),(1,101,48887,6363,'2018-19',27),(1,102,48887,6363,'2018-19',15),(1,102,1015278,6363,'2018-19',12),(1,103,1015278,6363,'2018-19',27),(1,90,48887,6363,'2018-19',27),(1,901,48887,6363,'2018-19',27),(1,1,24173,6360,'2018-19',13.5),(1,1,43447,6360,'2018-19',0),(1,1,1000333,6360,'2018-19',13.5),(1,101,43447,6360,'2018-19',27),(1,102,43447,6360,'2018-19',13.5),(1,102,1000333,6360,'2018-19',13.5),(1,103,24173,6360,'2018-19',13.5),(1,103,1000333,6360,'2018-19',13.5),(1,90,24173,6360,'2018-19',13.5),(1,90,1000333,6360,'2018-19',13.5),(1,901,24173,6360,'2018-19',13.5),(1,901,1000333,6360,'2018-19',13.5),(1,1,40089,6359,'2018-19',0),(1,1,1015494,6359,'2018-19',0),(1,101,40089,6359,'2018-19',27),(1,102,40089,6359,'2018-19',27),(1,103,1015494,6359,'2018-19',27),(1,104,1015494,6359,'2018-19',27),(1,90,40089,6359,'2018-19',0),(1,90,74642,6359,'2018-19',0),(1,90,1000466,6359,'2018-19',27),(1,901,74642,6359,'2018-19',27),(1,1,39809,6361,'2018-19',0),(1,1,1008327,6361,'2018-19',0),(1,1,1015278,6361,'2018-19',27),(1,101,1008327,6361,'2018-19',27),(1,102,1008327,6361,'2018-19',27),(1,103,1008327,6361,'2018-19',27),(1,90,39809,6361,'2018-19',27),(1,901,39809,6361,'2018-19',27),(1,1,14906,6362,'2018-19',27),(1,101,14906,6362,'2018-19',27),(1,102,14906,6362,'2018-19',27),(1,103,14906,6362,'2018-19',27),(1,90,14906,6362,'2018-19',27),(1,901,14906,6362,'2018-19',27),(1,1,1000437,6367,'2018-19',0),(1,1,1000505,6367,'2018-19',27),(1,101,1000437,6367,'2018-19',27),(1,102,1000437,6367,'2018-19',27),(1,90,1000505,6367,'2018-19',27),(1,901,1000505,6367,'2018-19',27),(1,1,11045,6364,'2018-19',27),(1,1,29395,6364,'2018-19',0),(1,101,11045,6364,'2018-19',27),(1,102,29395,6364,'2018-19',27),(1,90,1000235,6364,'2018-19',27),(1,901,1000235,6364,'2018-19',27),(1,1,53453,6368,'2018-19',0),(1,1,1000152,6368,'2018-19',27),(1,101,53453,6368,'2018-19',27),(1,102,53453,6368,'2018-19',27),(1,90,53453,6368,'2018-19',0),(1,90,1000152,6368,'2018-19',27),(1,901,53453,6368,'2018-19',27),(1,1,63766,6366,'2018-19',13.5),(1,1,1000412,6366,'2018-19',13.5),(1,101,63766,6366,'2018-19',13.5),(1,101,1000412,6366,'2018-19',13.5),(1,102,63766,6366,'2018-19',13.5),(1,102,1000412,6366,'2018-19',13.5),(1,90,63766,6366,'2018-19',13.5),(1,90,1000412,6366,'2018-19',13.5),(1,901,63766,6366,'2018-19',13.5),(1,901,1000412,6366,'2018-19',13.5),(1,1,55897,6365,'2018-19',27),(1,1,1000152,6365,'2018-19',0),(1,101,55897,6365,'2018-19',27),(1,102,55897,6365,'2018-19',27),(1,90,53453,6365,'2018-19',27),(1,90,55897,6365,'2018-19',0),(1,90,1000152,6365,'2018-19',0),(1,901,53453,6365,'2018-19',27),(1,1,1000437,6370,'2018-19',0),(1,1,1000505,6370,'2018-19',27),(1,101,1000437,6370,'2018-19',27),(1,102,1000437,6370,'2018-19',27),(1,90,1000505,6370,'2018-19',27),(1,901,1000505,6370,'2018-19',27),(1,1,43447,6369,'2018-19',13.5),(1,1,1000412,6369,'2018-19',0),(1,1,1014514,6369,'2018-19',0),(1,1,1015226,6369,'2018-19',13.5),(1,101,43447,6369,'2018-19',13.5),(1,101,1014514,6369,'2018-19',13.5),(1,102,43447,6369,'2018-19',13.5),(1,102,1014514,6369,'2018-19',13.5),(1,90,43447,6369,'2018-19',13.5),(1,90,1000412,6369,'2018-19',13.5),(1,90,1015226,6369,'2018-19',0),(1,901,43447,6369,'2018-19',13.5),(1,901,1015226,6369,'2018-19',13.5),(1,1,46290,6373,'2018-19',27),(1,101,46290,6373,'2018-19',27),(1,102,46290,6373,'2018-19',27),(1,90,46290,6373,'2018-19',27),(1,901,46290,6373,'2018-19',27),(1,1,1000466,6372,'2018-19',27),(1,1,1000637,6372,'2018-19',0),(1,101,1000466,6372,'2018-19',0),(1,101,1000637,6372,'2018-19',27),(1,102,1000466,6372,'2018-19',0),(1,102,1000637,6372,'2018-19',27),(1,90,1000466,6372,'2018-19',27),(1,901,1000637,6372,'2018-19',27),(1,1,55146,6371,'2018-19',13.5),(1,1,1000287,6371,'2018-19',13.5),(1,101,55146,6371,'2018-19',13.5),(1,101,1000287,6371,'2018-19',13.5),(1,102,55146,6371,'2018-19',13.5),(1,102,1000287,6371,'2018-19',13.5),(1,90,1000287,6371,'2018-19',13.5),(1,90,1004835,6371,'2018-19',13.5),(1,901,1000287,6371,'2018-19',13.5),(1,901,1004835,6371,'2018-19',13.5),(1,1,48887,6391,'2018-19',3.69),(1,1,55897,6391,'2018-19',1),(1,1,74642,6391,'2018-19',10.08),(1,1,1000152,6391,'2018-19',1.84),(1,1,1000287,6391,'2018-19',5.54),(1,1,1000412,6391,'2018-19',13.77),(1,2,11045,6391,'2018-19',9),(1,2,29395,6391,'2018-19',18),(1,2,39809,6391,'2018-19',3.74),(1,2,40089,6391,'2018-19',9.27),(1,2,46455,6391,'2018-19',3.69),(1,2,48887,6391,'2018-19',3.69),(1,2,52186,6391,'2018-19',34.82),(1,2,53453,6391,'2018-19',13.1),(1,2,55897,6391,'2018-19',43.31),(1,2,63766,6391,'2018-19',3.78),(1,2,74642,6391,'2018-19',25.65),(1,2,1000287,6391,'2018-19',5.58),(1,2,1000333,6391,'2018-19',5.94),(1,2,1000412,6391,'2018-19',25.65),(1,2,1000466,6391,'2018-19',1.84),(1,2,1000637,6391,'2018-19',3.69),(1,90,63766,6391,'2018-19',1),(1,90,74642,6391,'2018-19',1),(1,90,1000333,6391,'2018-19',1),(1,90,1000412,6391,'2018-19',13.5),(1,91,29395,6391,'2018-19',13),(1,91,63766,6391,'2018-19',1),(1,91,74642,6391,'2018-19',1),(1,91,1000333,6391,'2018-19',9),(1,91,1000412,6391,'2018-19',13.5),(1,1,24173,6374,'2018-19',0),(1,101,0,6374,'2018-19',NULL),(1,1,46161,6379,'2018-19',13.5),(1,1,63766,6379,'2018-19',13.5),(1,1,72176,6379,'2018-19',0),(1,101,63766,6379,'2018-19',13.5),(1,101,72176,6379,'2018-19',13.5),(1,90,46161,6379,'2018-19',0),(1,90,57862,6379,'2018-19',40.5),(1,90,63766,6379,'2018-19',0),(1,901,46161,6379,'2018-19',6.75),(1,901,57862,6379,'2018-19',27),(1,901,63766,6379,'2018-19',6.75),(1,1,29395,6381,'2018-19',27),(1,101,29395,6381,'2018-19',27),(1,1,46455,6376,'2018-19',26),(1,1,74642,6376,'2018-19',1),(1,101,46455,6376,'2018-19',27),(1,90,46455,6376,'2018-19',39),(1,90,74642,6376,'2018-19',1.5),(1,901,46455,6376,'2018-19',40.5),(1,1,74916,6375,'2018-19',27),(1,101,74916,6375,'2018-19',27),(1,1,0,6383,'2018-19',NULL),(1,101,0,6383,'2018-19',NULL),(1,1,63766,6377,'2018-19',27),(1,1,72176,6377,'2018-19',0),(1,101,63766,6377,'2018-19',13.5),(1,101,72176,6377,'2018-19',13.5),(1,90,57862,6377,'2018-19',36),(1,90,63766,6377,'2018-19',4.5),(1,901,57862,6377,'2018-19',36),(1,901,63766,6377,'2018-19',4.5),(1,1,39809,6382,'2018-19',13.5),(1,1,40089,6382,'2018-19',13.5),(1,101,39809,6382,'2018-19',13.5),(1,101,40089,6382,'2018-19',13.5),(1,90,39809,6382,'2018-19',20.25),(1,90,40089,6382,'2018-19',20.25),(1,901,39809,6382,'2018-19',20.25),(1,901,40089,6382,'2018-19',20.25),(1,1,40816,6378,'2018-19',27),(1,1,1000412,6378,'2018-19',0),(1,101,40816,6378,'2018-19',27),(1,1,52186,6390,'2018-19',1),(1,2,52186,6390,'2018-19',1),(1,1,56881,6380,'2018-19',27),(1,101,56881,6380,'2018-19',27),(1,1,0,6386,'2018-19',NULL),(1,101,0,6386,'2018-19',NULL),(1,90,1000152,6386,'2018-19',0),(1,90,1000637,6386,'2018-19',0),(1,901,1000637,6386,'2018-19',0),(1,1,63766,6387,'2018-19',27),(1,1,72176,6387,'2018-19',0),(1,101,72176,6387,'2018-19',27),(1,90,57862,6387,'2018-19',36),(1,90,63766,6387,'2018-19',4.5),(1,901,57862,6387,'2018-19',36),(1,901,63766,6387,'2018-19',4.5),(1,1,55897,6388,'2018-19',0),(1,1,1000466,6388,'2018-19',27),(1,101,55897,6388,'2018-19',27),(1,90,55897,6388,'2018-19',0),(1,90,1000466,6388,'2018-19',40.5),(1,901,55897,6388,'2018-19',27),(1,1,40816,6389,'2018-19',0),(1,1,1000412,6389,'2018-19',0),(1,1,1014514,6389,'2018-19',27),(1,101,40816,6389,'2018-19',27),(1,90,1000412,6389,'2018-19',40.5),(1,901,1000412,6389,'2018-19',40.5),(1,1,13957,6384,'2018-19',0),(1,1,1000287,6384,'2018-19',0),(1,1,1015226,6384,'2018-19',27),(1,101,13957,6384,'2018-19',27),(1,90,13957,6384,'2018-19',13.5),(1,90,1000287,6384,'2018-19',27),(1,901,13957,6384,'2018-19',40.5),(1,1,72013,6385,'2018-19',27),(1,101,72013,6385,'2018-19',27),(1,90,0,6385,'2018-19',NULL),(1,901,0,6385,'2018-19',NULL),(1,1,34802,6347,'2018-19',0),(1,1,1000058,6347,'2018-19',0),(1,1,1000231,6347,'2018-19',27),(1,101,1000231,6347,'2018-19',27),(1,102,1000231,6347,'2018-19',27),(1,103,1000231,6347,'2018-19',27),(1,2,34802,6347,'2018-19',0),(1,2,1000058,6347,'2018-19',27),(1,2,1000231,6347,'2018-19',0),(1,201,34802,6347,'2018-19',27),(1,202,1000058,6347,'2018-19',27),(1,203,1000058,6347,'2018-19',27),(1,90,1000053,6347,'2018-19',18),(1,90,1000058,6347,'2018-19',9),(1,901,1000053,6347,'2018-19',18),(1,901,1000058,6347,'2018-19',9),(1,902,1000053,6347,'2018-19',18),(1,902,1000058,6347,'2018-19',9),(1,1,1000656,6345,'2018-19',27),(1,101,1000656,6345,'2018-19',27),(1,102,1000656,6345,'2018-19',27),(1,103,1000656,6345,'2018-19',27),(1,2,1000634,6345,'2018-19',27),(1,2,1000656,6345,'2018-19',0),(1,201,1000656,6345,'2018-19',27),(1,202,1000634,6345,'2018-19',27),(1,203,1000656,6345,'2018-19',0),(1,90,28423,6345,'2018-19',0),(1,90,100946,6345,'2018-19',27),(1,901,28423,6345,'2018-19',27),(1,902,28423,6345,'2018-19',27),(1,1,49086,6344,'2018-19',13.5),(1,1,56942,6344,'2018-19',13.5),(1,101,49086,6344,'2018-19',13.5),(1,101,56942,6344,'2018-19',13.5),(1,102,49086,6344,'2018-19',13.5),(1,102,56942,6344,'2018-19',13.5),(1,103,49086,6344,'2018-19',13.5),(1,103,56942,6344,'2018-19',13.5),(1,2,49086,6344,'2018-19',13.5),(1,2,56942,6344,'2018-19',13.5),(1,201,49086,6344,'2018-19',13.5),(1,201,56942,6344,'2018-19',13.5),(1,202,49086,6344,'2018-19',13.5),(1,202,56942,6344,'2018-19',13.5),(1,203,49086,6344,'2018-19',13.5),(1,203,56942,6344,'2018-19',13.5),(1,90,49086,6344,'2018-19',13.5),(1,90,56942,6344,'2018-19',13.5),(1,901,49086,6344,'2018-19',13.5),(1,901,56942,6344,'2018-19',13.5),(1,902,49086,6344,'2018-19',13.5),(1,902,56942,6344,'2018-19',13.5),(1,1,1000363,6348,'2018-19',27),(1,101,1000363,6348,'2018-19',27),(1,102,1000363,6348,'2018-19',27),(1,103,1000363,6348,'2018-19',27),(1,104,0,6348,'2018-19',NULL),(1,2,1000363,6348,'2018-19',27),(1,201,1000363,6348,'2018-19',27),(1,202,1000363,6348,'2018-19',27),(1,203,1000363,6348,'2018-19',27),(1,90,1000363,6348,'2018-19',27),(1,901,1000363,6348,'2018-19',27),(1,902,1000363,6348,'2018-19',27),(1,1,74642,6346,'2018-19',0),(1,1,1004836,6346,'2018-19',0),(1,1,1013983,6346,'2018-19',27),(1,101,1013983,6346,'2018-19',27),(1,102,1013983,6346,'2018-19',27),(1,103,74642,6346,'2018-19',27),(1,2,74642,6346,'2018-19',27),(1,2,1004836,6346,'2018-19',0),(1,201,1004836,6346,'2018-19',27),(1,202,74642,6346,'2018-19',27),(1,203,1004836,6346,'2018-19',27),(1,90,74642,6346,'2018-19',0),(1,90,90225,6346,'2018-19',27),(1,901,74642,6346,'2018-19',10),(1,901,90225,6346,'2018-19',17),(1,902,74642,6346,'2018-19',10),(1,902,90225,6346,'2018-19',17),(1,1,52186,6351,'2018-19',9),(1,1,74642,6351,'2018-19',18),(1,1,84218,6351,'2018-19',0),(1,1,1013983,6351,'2018-19',0),(1,101,74642,6351,'2018-19',27),(1,102,84218,6351,'2018-19',27),(1,103,52186,6351,'2018-19',27),(1,2,52186,6351,'2018-19',0),(1,2,74642,6351,'2018-19',0),(1,2,84218,6351,'2018-19',0),(1,2,1013983,6351,'2018-19',27),(1,201,1013983,6351,'2018-19',27),(1,202,1013983,6351,'2018-19',27),(1,203,1013983,6351,'2018-19',27),(1,204,84218,6351,'2018-19',27),(1,90,74642,6351,'2018-19',0),(1,90,90225,6351,'2018-19',27),(1,901,74642,6351,'2018-19',10),(1,901,90225,6351,'2018-19',17),(1,902,74642,6351,'2018-19',10),(1,902,90225,6351,'2018-19',17),(1,1,5620,6349,'2018-19',27),(1,101,5620,6349,'2018-19',27),(1,102,5620,6349,'2018-19',27),(1,103,5620,6349,'2018-19',27),(1,2,5679,6349,'2018-19',0),(1,2,92704,6349,'2018-19',0),(1,2,1016152,6349,'2018-19',27),(1,201,5679,6349,'2018-19',27),(1,202,92704,6349,'2018-19',27),(1,203,1016152,6349,'2018-19',27),(1,90,5679,6349,'2018-19',27),(1,901,5679,6349,'2018-19',27),(1,902,1009642,6349,'2018-19',27),(1,1,24202,6353,'2018-19',0),(1,1,1000505,6353,'2018-19',27),(1,1,1000637,6353,'2018-19',0),(1,1,1009788,6353,'2018-19',0),(1,101,1000637,6353,'2018-19',27),(1,102,1000637,6353,'2018-19',27),(1,103,1009788,6353,'2018-19',27),(1,2,24202,6353,'2018-19',0),(1,2,1000505,6353,'2018-19',27),(1,2,1009788,6353,'2018-19',0),(1,201,1009788,6353,'2018-19',27),(1,202,1000505,6353,'2018-19',27),(1,203,1000505,6353,'2018-19',18),(1,203,1009788,6353,'2018-19',9),(1,204,24202,6353,'2018-19',27),(1,90,24202,6353,'2018-19',27),(1,90,1000505,6353,'2018-19',0),(1,901,24202,6353,'2018-19',27),(1,902,24202,6353,'2018-19',27),(1,1,1000219,6350,'2018-19',0),(1,1,1000368,6350,'2018-19',0),(1,1,1000432,6350,'2018-19',27),(1,1,1000653,6350,'2018-19',0),(1,101,1000432,6350,'2018-19',27),(1,102,1000432,6350,'2018-19',27),(1,103,1000219,6350,'2018-19',27),(1,2,1000219,6350,'2018-19',0),(1,2,1000368,6350,'2018-19',0),(1,2,1000432,6350,'2018-19',27),(1,2,1000653,6350,'2018-19',0),(1,201,1000653,6350,'2018-19',27),(1,202,1000368,6350,'2018-19',27),(1,203,0,6350,'2018-19',NULL),(1,90,28423,6350,'2018-19',27),(1,901,28423,6350,'2018-19',27),(1,902,28423,6350,'2018-19',27),(1,1,11045,6352,'2018-19',27),(1,101,11045,6352,'2018-19',27),(1,102,11045,6352,'2018-19',27),(1,103,11045,6352,'2018-19',27),(1,2,11045,6352,'2018-19',27),(1,201,11045,6352,'2018-19',27),(1,202,11045,6352,'2018-19',27),(1,203,0,6352,'2018-19',NULL),(1,90,60856,6352,'2018-19',27),(1,901,60856,6352,'2018-19',27),(1,902,60856,6352,'2018-19',27),(1,1,100946,6355,'2018-19',27),(1,101,100946,6355,'2018-19',27),(1,102,100946,6355,'2018-19',27),(1,103,100946,6355,'2018-19',27),(1,104,0,6355,'2018-19',NULL),(1,90,100946,6355,'2018-19',27),(1,901,100946,6355,'2018-19',27),(1,1,29395,6358,'2018-19',27),(1,101,29395,6358,'2018-19',27),(1,102,29395,6358,'2018-19',27),(1,103,29395,6358,'2018-19',27),(1,104,29395,6358,'2018-19',27),(1,90,29395,6358,'2018-19',27),(1,901,29395,6358,'2018-19',27),(1,1,55146,6357,'2018-19',27),(1,101,55146,6357,'2018-19',27),(1,102,55146,6357,'2018-19',27),(1,103,55146,6357,'2018-19',27),(1,104,55146,6357,'2018-19',27),(1,90,35796,6357,'2018-19',27),(1,901,35796,6357,'2018-19',27),(1,1,1000287,6354,'2018-19',27),(1,101,1000287,6354,'2018-19',27),(1,102,1000287,6354,'2018-19',27),(1,103,1000287,6354,'2018-19',27),(1,104,1000287,6354,'2018-19',27),(1,90,1000287,6354,'2018-19',27),(1,901,1000287,6354,'2018-19',27),(1,1,48887,6356,'2018-19',0),(1,1,1000942,6356,'2018-19',27),(1,101,48887,6356,'2018-19',27),(1,102,1000942,6356,'2018-19',27),(1,103,1000942,6356,'2018-19',27),(1,90,48887,6356,'2018-19',27),(1,901,48887,6356,'2018-19',27),(1,1,48887,6363,'2018-19',0),(1,1,1000942,6363,'2018-19',27),(1,1,1015483,6363,'2018-19',0),(1,101,48887,6363,'2018-19',27),(1,102,48887,6363,'2018-19',15),(1,102,1015278,6363,'2018-19',12),(1,103,1015278,6363,'2018-19',27),(1,90,48887,6363,'2018-19',27),(1,901,48887,6363,'2018-19',27),(1,1,24173,6360,'2018-19',13.5),(1,1,43447,6360,'2018-19',0),(1,1,1000333,6360,'2018-19',13.5),(1,101,43447,6360,'2018-19',27),(1,102,43447,6360,'2018-19',13.5),(1,102,1000333,6360,'2018-19',13.5),(1,103,24173,6360,'2018-19',13.5),(1,103,1000333,6360,'2018-19',13.5),(1,90,24173,6360,'2018-19',13.5),(1,90,1000333,6360,'2018-19',13.5),(1,901,24173,6360,'2018-19',13.5),(1,901,1000333,6360,'2018-19',13.5),(1,1,40089,6359,'2018-19',0),(1,1,1015494,6359,'2018-19',0),(1,101,40089,6359,'2018-19',27),(1,102,40089,6359,'2018-19',27),(1,103,1015494,6359,'2018-19',27),(1,104,1015494,6359,'2018-19',27),(1,90,40089,6359,'2018-19',0),(1,90,74642,6359,'2018-19',0),(1,90,1000466,6359,'2018-19',27),(1,901,74642,6359,'2018-19',27),(1,1,39809,6361,'2018-19',0),(1,1,1008327,6361,'2018-19',0),(1,1,1015278,6361,'2018-19',27),(1,101,1008327,6361,'2018-19',27),(1,102,1008327,6361,'2018-19',27),(1,103,1008327,6361,'2018-19',27),(1,90,39809,6361,'2018-19',27),(1,901,39809,6361,'2018-19',27),(1,1,14906,6362,'2018-19',27),(1,101,14906,6362,'2018-19',27),(1,102,14906,6362,'2018-19',27),(1,103,14906,6362,'2018-19',27),(1,90,14906,6362,'2018-19',27),(1,901,14906,6362,'2018-19',27),(1,1,1000437,6367,'2018-19',0),(1,1,1000505,6367,'2018-19',27),(1,101,1000437,6367,'2018-19',27),(1,102,1000437,6367,'2018-19',27),(1,90,1000505,6367,'2018-19',27),(1,901,1000505,6367,'2018-19',27),(1,1,11045,6364,'2018-19',27),(1,1,29395,6364,'2018-19',0),(1,101,11045,6364,'2018-19',27),(1,102,29395,6364,'2018-19',27),(1,90,1000235,6364,'2018-19',27),(1,901,1000235,6364,'2018-19',27),(1,1,53453,6368,'2018-19',0),(1,1,1000152,6368,'2018-19',27),(1,101,53453,6368,'2018-19',27),(1,102,53453,6368,'2018-19',27),(1,90,53453,6368,'2018-19',0),(1,90,1000152,6368,'2018-19',27),(1,901,53453,6368,'2018-19',27),(1,1,63766,6366,'2018-19',13.5),(1,1,1000412,6366,'2018-19',13.5),(1,101,63766,6366,'2018-19',13.5),(1,101,1000412,6366,'2018-19',13.5),(1,102,63766,6366,'2018-19',13.5),(1,102,1000412,6366,'2018-19',13.5),(1,90,63766,6366,'2018-19',13.5),(1,90,1000412,6366,'2018-19',13.5),(1,901,63766,6366,'2018-19',13.5),(1,901,1000412,6366,'2018-19',13.5),(1,1,55897,6365,'2018-19',27),(1,1,1000152,6365,'2018-19',0),(1,101,55897,6365,'2018-19',27),(1,102,55897,6365,'2018-19',27),(1,90,53453,6365,'2018-19',27),(1,90,55897,6365,'2018-19',0),(1,90,1000152,6365,'2018-19',0),(1,901,53453,6365,'2018-19',27),(1,1,1000437,6370,'2018-19',0),(1,1,1000505,6370,'2018-19',27),(1,101,1000437,6370,'2018-19',27),(1,102,1000437,6370,'2018-19',27),(1,90,1000505,6370,'2018-19',27),(1,901,1000505,6370,'2018-19',27),(1,1,43447,6369,'2018-19',13.5),(1,1,1000412,6369,'2018-19',0),(1,1,1014514,6369,'2018-19',0),(1,1,1015226,6369,'2018-19',13.5),(1,101,43447,6369,'2018-19',13.5),(1,101,1014514,6369,'2018-19',13.5),(1,102,43447,6369,'2018-19',13.5),(1,102,1014514,6369,'2018-19',13.5),(1,90,43447,6369,'2018-19',13.5),(1,90,1000412,6369,'2018-19',13.5),(1,90,1015226,6369,'2018-19',0),(1,901,43447,6369,'2018-19',13.5),(1,901,1015226,6369,'2018-19',13.5),(1,1,46290,6373,'2018-19',27),(1,101,46290,6373,'2018-19',27),(1,102,46290,6373,'2018-19',27),(1,90,46290,6373,'2018-19',27),(1,901,46290,6373,'2018-19',27),(1,1,1000466,6372,'2018-19',27),(1,1,1000637,6372,'2018-19',0),(1,101,1000466,6372,'2018-19',0),(1,101,1000637,6372,'2018-19',27),(1,102,1000466,6372,'2018-19',0),(1,102,1000637,6372,'2018-19',27),(1,90,1000466,6372,'2018-19',27),(1,901,1000637,6372,'2018-19',27),(1,1,55146,6371,'2018-19',13.5),(1,1,1000287,6371,'2018-19',13.5),(1,101,55146,6371,'2018-19',13.5),(1,101,1000287,6371,'2018-19',13.5),(1,102,55146,6371,'2018-19',13.5),(1,102,1000287,6371,'2018-19',13.5),(1,90,1000287,6371,'2018-19',13.5),(1,90,1004835,6371,'2018-19',13.5),(1,901,1000287,6371,'2018-19',13.5),(1,901,1004835,6371,'2018-19',13.5),(1,1,48887,6391,'2018-19',3.69),(1,1,55897,6391,'2018-19',1),(1,1,74642,6391,'2018-19',10.08),(1,1,1000152,6391,'2018-19',1.84),(1,1,1000287,6391,'2018-19',5.54),(1,1,1000412,6391,'2018-19',13.77),(1,2,11045,6391,'2018-19',9),(1,2,29395,6391,'2018-19',18),(1,2,39809,6391,'2018-19',3.74),(1,2,40089,6391,'2018-19',9.27),(1,2,46455,6391,'2018-19',3.69),(1,2,48887,6391,'2018-19',3.69),(1,2,52186,6391,'2018-19',34.82),(1,2,53453,6391,'2018-19',13.1),(1,2,55897,6391,'2018-19',43.31),(1,2,63766,6391,'2018-19',3.78),(1,2,74642,6391,'2018-19',25.65),(1,2,1000287,6391,'2018-19',5.58),(1,2,1000333,6391,'2018-19',5.94),(1,2,1000412,6391,'2018-19',25.65),(1,2,1000466,6391,'2018-19',1.84),(1,2,1000637,6391,'2018-19',3.69),(1,90,63766,6391,'2018-19',1),(1,90,74642,6391,'2018-19',1),(1,90,1000333,6391,'2018-19',1),(1,90,1000412,6391,'2018-19',13.5),(1,91,29395,6391,'2018-19',13),(1,91,63766,6391,'2018-19',1),(1,91,74642,6391,'2018-19',1),(1,91,1000333,6391,'2018-19',9),(1,91,1000412,6391,'2018-19',13.5),(1,1,24173,6374,'2018-19',0),(1,101,0,6374,'2018-19',NULL),(1,1,46161,6379,'2018-19',13.5),(1,1,63766,6379,'2018-19',13.5),(1,1,72176,6379,'2018-19',0),(1,101,63766,6379,'2018-19',13.5),(1,101,72176,6379,'2018-19',13.5),(1,90,46161,6379,'2018-19',0),(1,90,57862,6379,'2018-19',40.5),(1,90,63766,6379,'2018-19',0),(1,901,46161,6379,'2018-19',6.75),(1,901,57862,6379,'2018-19',27),(1,901,63766,6379,'2018-19',6.75),(1,1,29395,6381,'2018-19',27),(1,101,29395,6381,'2018-19',27),(1,1,46455,6376,'2018-19',26),(1,1,74642,6376,'2018-19',1),(1,101,46455,6376,'2018-19',27),(1,90,46455,6376,'2018-19',39),(1,90,74642,6376,'2018-19',1.5),(1,901,46455,6376,'2018-19',40.5),(1,1,74916,6375,'2018-19',27),(1,101,74916,6375,'2018-19',27),(1,1,0,6383,'2018-19',NULL),(1,101,0,6383,'2018-19',NULL),(1,1,63766,6377,'2018-19',27),(1,1,72176,6377,'2018-19',0),(1,101,63766,6377,'2018-19',13.5),(1,101,72176,6377,'2018-19',13.5),(1,90,57862,6377,'2018-19',36),(1,90,63766,6377,'2018-19',4.5),(1,901,57862,6377,'2018-19',36),(1,901,63766,6377,'2018-19',4.5),(1,1,39809,6382,'2018-19',13.5),(1,1,40089,6382,'2018-19',13.5),(1,101,39809,6382,'2018-19',13.5),(1,101,40089,6382,'2018-19',13.5),(1,90,39809,6382,'2018-19',20.25),(1,90,40089,6382,'2018-19',20.25),(1,901,39809,6382,'2018-19',20.25),(1,901,40089,6382,'2018-19',20.25),(1,1,40816,6378,'2018-19',27),(1,1,1000412,6378,'2018-19',0),(1,101,40816,6378,'2018-19',27),(1,1,52186,6390,'2018-19',1),(1,2,52186,6390,'2018-19',1),(1,1,56881,6380,'2018-19',27),(1,101,56881,6380,'2018-19',27),(1,1,0,6386,'2018-19',NULL),(1,101,0,6386,'2018-19',NULL),(1,90,1000152,6386,'2018-19',0),(1,90,1000637,6386,'2018-19',0),(1,901,1000637,6386,'2018-19',0),(1,1,63766,6387,'2018-19',27),(1,1,72176,6387,'2018-19',0),(1,101,72176,6387,'2018-19',27),(1,90,57862,6387,'2018-19',36),(1,90,63766,6387,'2018-19',4.5),(1,901,57862,6387,'2018-19',36),(1,901,63766,6387,'2018-19',4.5),(1,1,55897,6388,'2018-19',0),(1,1,1000466,6388,'2018-19',27),(1,101,55897,6388,'2018-19',27),(1,90,55897,6388,'2018-19',0),(1,90,1000466,6388,'2018-19',40.5),(1,901,55897,6388,'2018-19',27),(1,1,40816,6389,'2018-19',0),(1,1,1000412,6389,'2018-19',0),(1,1,1014514,6389,'2018-19',27),(1,101,40816,6389,'2018-19',27),(1,90,1000412,6389,'2018-19',40.5),(1,901,1000412,6389,'2018-19',40.5),(1,1,13957,6384,'2018-19',0),(1,1,1000287,6384,'2018-19',0),(1,1,1015226,6384,'2018-19',27),(1,101,13957,6384,'2018-19',27),(1,90,13957,6384,'2018-19',13.5),(1,90,1000287,6384,'2018-19',27),(1,901,13957,6384,'2018-19',40.5),(1,1,72013,6385,'2018-19',27),(1,101,72013,6385,'2018-19',27),(1,90,0,6385,'2018-19',NULL),(1,901,0,6385,'2018-19',NULL),(1,1,34802,6347,'2018-19',0),(1,1,1000058,6347,'2018-19',0),(1,1,1000231,6347,'2018-19',27),(1,101,1000231,6347,'2018-19',27),(1,102,1000231,6347,'2018-19',27),(1,103,1000231,6347,'2018-19',27),(1,2,34802,6347,'2018-19',0),(1,2,1000058,6347,'2018-19',27),(1,2,1000231,6347,'2018-19',0),(1,201,34802,6347,'2018-19',27),(1,202,1000058,6347,'2018-19',27),(1,203,1000058,6347,'2018-19',27),(1,90,1000053,6347,'2018-19',18),(1,90,1000058,6347,'2018-19',9),(1,901,1000053,6347,'2018-19',18),(1,901,1000058,6347,'2018-19',9),(1,902,1000053,6347,'2018-19',18),(1,902,1000058,6347,'2018-19',9),(1,1,1000656,6345,'2018-19',27),(1,101,1000656,6345,'2018-19',27),(1,102,1000656,6345,'2018-19',27),(1,103,1000656,6345,'2018-19',27),(1,2,1000634,6345,'2018-19',27),(1,2,1000656,6345,'2018-19',0),(1,201,1000656,6345,'2018-19',27),(1,202,1000634,6345,'2018-19',27),(1,203,1000656,6345,'2018-19',0),(1,90,28423,6345,'2018-19',0),(1,90,100946,6345,'2018-19',27),(1,901,28423,6345,'2018-19',27),(1,902,28423,6345,'2018-19',27),(1,1,49086,6344,'2018-19',13.5),(1,1,56942,6344,'2018-19',13.5),(1,101,49086,6344,'2018-19',13.5),(1,101,56942,6344,'2018-19',13.5),(1,102,49086,6344,'2018-19',13.5),(1,102,56942,6344,'2018-19',13.5),(1,103,49086,6344,'2018-19',13.5),(1,103,56942,6344,'2018-19',13.5),(1,2,49086,6344,'2018-19',13.5),(1,2,56942,6344,'2018-19',13.5),(1,201,49086,6344,'2018-19',13.5),(1,201,56942,6344,'2018-19',13.5),(1,202,49086,6344,'2018-19',13.5),(1,202,56942,6344,'2018-19',13.5),(1,203,49086,6344,'2018-19',13.5),(1,203,56942,6344,'2018-19',13.5),(1,90,49086,6344,'2018-19',13.5),(1,90,56942,6344,'2018-19',13.5),(1,901,49086,6344,'2018-19',13.5),(1,901,56942,6344,'2018-19',13.5),(1,902,49086,6344,'2018-19',13.5),(1,902,56942,6344,'2018-19',13.5),(1,1,1000363,6348,'2018-19',27),(1,101,1000363,6348,'2018-19',27),(1,102,1000363,6348,'2018-19',27),(1,103,1000363,6348,'2018-19',27),(1,104,0,6348,'2018-19',NULL),(1,2,1000363,6348,'2018-19',27),(1,201,1000363,6348,'2018-19',27),(1,202,1000363,6348,'2018-19',27),(1,203,1000363,6348,'2018-19',27),(1,90,1000363,6348,'2018-19',27),(1,901,1000363,6348,'2018-19',27),(1,902,1000363,6348,'2018-19',27),(1,1,74642,6346,'2018-19',0),(1,1,1004836,6346,'2018-19',0),(1,1,1013983,6346,'2018-19',27),(1,101,1013983,6346,'2018-19',27),(1,102,1013983,6346,'2018-19',27),(1,103,74642,6346,'2018-19',27),(1,2,74642,6346,'2018-19',27),(1,2,1004836,6346,'2018-19',0),(1,201,1004836,6346,'2018-19',27),(1,202,74642,6346,'2018-19',27),(1,203,1004836,6346,'2018-19',27),(1,90,74642,6346,'2018-19',0),(1,90,90225,6346,'2018-19',27),(1,901,74642,6346,'2018-19',10),(1,901,90225,6346,'2018-19',17),(1,902,74642,6346,'2018-19',10),(1,902,90225,6346,'2018-19',17),(1,1,52186,6351,'2018-19',9),(1,1,74642,6351,'2018-19',18),(1,1,84218,6351,'2018-19',0),(1,1,1013983,6351,'2018-19',0),(1,101,74642,6351,'2018-19',27),(1,102,84218,6351,'2018-19',27),(1,103,52186,6351,'2018-19',27),(1,2,52186,6351,'2018-19',0),(1,2,74642,6351,'2018-19',0),(1,2,84218,6351,'2018-19',0),(1,2,1013983,6351,'2018-19',27),(1,201,1013983,6351,'2018-19',27),(1,202,1013983,6351,'2018-19',27),(1,203,1013983,6351,'2018-19',27),(1,204,84218,6351,'2018-19',27),(1,90,74642,6351,'2018-19',0),(1,90,90225,6351,'2018-19',27),(1,901,74642,6351,'2018-19',10),(1,901,90225,6351,'2018-19',17),(1,902,74642,6351,'2018-19',10),(1,902,90225,6351,'2018-19',17),(1,1,5620,6349,'2018-19',27),(1,101,5620,6349,'2018-19',27),(1,102,5620,6349,'2018-19',27),(1,103,5620,6349,'2018-19',27),(1,2,5679,6349,'2018-19',0),(1,2,92704,6349,'2018-19',0),(1,2,1016152,6349,'2018-19',27),(1,201,5679,6349,'2018-19',27),(1,202,92704,6349,'2018-19',27),(1,203,1016152,6349,'2018-19',27),(1,90,5679,6349,'2018-19',27),(1,901,5679,6349,'2018-19',27),(1,902,1009642,6349,'2018-19',27),(1,1,24202,6353,'2018-19',0),(1,1,1000505,6353,'2018-19',27),(1,1,1000637,6353,'2018-19',0),(1,1,1009788,6353,'2018-19',0),(1,101,1000637,6353,'2018-19',27),(1,102,1000637,6353,'2018-19',27),(1,103,1009788,6353,'2018-19',27),(1,2,24202,6353,'2018-19',0),(1,2,1000505,6353,'2018-19',27),(1,2,1009788,6353,'2018-19',0),(1,201,1009788,6353,'2018-19',27),(1,202,1000505,6353,'2018-19',27),(1,203,1000505,6353,'2018-19',18),(1,203,1009788,6353,'2018-19',9),(1,204,24202,6353,'2018-19',27),(1,90,24202,6353,'2018-19',27),(1,90,1000505,6353,'2018-19',0),(1,901,24202,6353,'2018-19',27),(1,902,24202,6353,'2018-19',27),(1,1,1000219,6350,'2018-19',0),(1,1,1000368,6350,'2018-19',0),(1,1,1000432,6350,'2018-19',27),(1,1,1000653,6350,'2018-19',0),(1,101,1000432,6350,'2018-19',27),(1,102,1000432,6350,'2018-19',27),(1,103,1000219,6350,'2018-19',27),(1,2,1000219,6350,'2018-19',0),(1,2,1000368,6350,'2018-19',0),(1,2,1000432,6350,'2018-19',27),(1,2,1000653,6350,'2018-19',0),(1,201,1000653,6350,'2018-19',27),(1,202,1000368,6350,'2018-19',27),(1,203,0,6350,'2018-19',NULL),(1,90,28423,6350,'2018-19',27),(1,901,28423,6350,'2018-19',27),(1,902,28423,6350,'2018-19',27),(1,1,11045,6352,'2018-19',27),(1,101,11045,6352,'2018-19',27),(1,102,11045,6352,'2018-19',27),(1,103,11045,6352,'2018-19',27),(1,2,11045,6352,'2018-19',27),(1,201,11045,6352,'2018-19',27),(1,202,11045,6352,'2018-19',27),(1,203,0,6352,'2018-19',NULL),(1,90,60856,6352,'2018-19',27),(1,901,60856,6352,'2018-19',27),(1,902,60856,6352,'2018-19',27),(1,1,100946,6355,'2018-19',27),(1,101,100946,6355,'2018-19',27),(1,102,100946,6355,'2018-19',27),(1,103,100946,6355,'2018-19',27),(1,104,0,6355,'2018-19',NULL),(1,90,100946,6355,'2018-19',27),(1,901,100946,6355,'2018-19',27),(1,1,29395,6358,'2018-19',27),(1,101,29395,6358,'2018-19',27),(1,102,29395,6358,'2018-19',27),(1,103,29395,6358,'2018-19',27),(1,104,29395,6358,'2018-19',27),(1,90,29395,6358,'2018-19',27),(1,901,29395,6358,'2018-19',27),(1,1,55146,6357,'2018-19',27),(1,101,55146,6357,'2018-19',27),(1,102,55146,6357,'2018-19',27),(1,103,55146,6357,'2018-19',27),(1,104,55146,6357,'2018-19',27),(1,90,35796,6357,'2018-19',27),(1,901,35796,6357,'2018-19',27),(1,1,1000287,6354,'2018-19',27),(1,101,1000287,6354,'2018-19',27),(1,102,1000287,6354,'2018-19',27),(1,103,1000287,6354,'2018-19',27),(1,104,1000287,6354,'2018-19',27),(1,90,1000287,6354,'2018-19',27),(1,901,1000287,6354,'2018-19',27),(1,1,48887,6356,'2018-19',0),(1,1,1000942,6356,'2018-19',27),(1,101,48887,6356,'2018-19',27),(1,102,1000942,6356,'2018-19',27),(1,103,1000942,6356,'2018-19',27),(1,90,48887,6356,'2018-19',27),(1,901,48887,6356,'2018-19',27),(1,1,48887,6363,'2018-19',0),(1,1,1000942,6363,'2018-19',27),(1,1,1015483,6363,'2018-19',0),(1,101,48887,6363,'2018-19',27),(1,102,48887,6363,'2018-19',15),(1,102,1015278,6363,'2018-19',12),(1,103,1015278,6363,'2018-19',27),(1,90,48887,6363,'2018-19',27),(1,901,48887,6363,'2018-19',27),(1,1,24173,6360,'2018-19',13.5),(1,1,43447,6360,'2018-19',0),(1,1,1000333,6360,'2018-19',13.5),(1,101,43447,6360,'2018-19',27),(1,102,43447,6360,'2018-19',13.5),(1,102,1000333,6360,'2018-19',13.5),(1,103,24173,6360,'2018-19',13.5),(1,103,1000333,6360,'2018-19',13.5),(1,90,24173,6360,'2018-19',13.5),(1,90,1000333,6360,'2018-19',13.5),(1,901,24173,6360,'2018-19',13.5),(1,901,1000333,6360,'2018-19',13.5),(1,1,40089,6359,'2018-19',0),(1,1,1015494,6359,'2018-19',0),(1,101,40089,6359,'2018-19',27),(1,102,40089,6359,'2018-19',27),(1,103,1015494,6359,'2018-19',27),(1,104,1015494,6359,'2018-19',27),(1,90,40089,6359,'2018-19',0),(1,90,74642,6359,'2018-19',0),(1,90,1000466,6359,'2018-19',27),(1,901,74642,6359,'2018-19',27),(1,1,39809,6361,'2018-19',0),(1,1,1008327,6361,'2018-19',0),(1,1,1015278,6361,'2018-19',27),(1,101,1008327,6361,'2018-19',27),(1,102,1008327,6361,'2018-19',27),(1,103,1008327,6361,'2018-19',27),(1,90,39809,6361,'2018-19',27),(1,901,39809,6361,'2018-19',27),(1,1,14906,6362,'2018-19',27),(1,101,14906,6362,'2018-19',27),(1,102,14906,6362,'2018-19',27),(1,103,14906,6362,'2018-19',27),(1,90,14906,6362,'2018-19',27),(1,901,14906,6362,'2018-19',27),(1,1,1000437,6367,'2018-19',0),(1,1,1000505,6367,'2018-19',27),(1,101,1000437,6367,'2018-19',27),(1,102,1000437,6367,'2018-19',27),(1,90,1000505,6367,'2018-19',27),(1,901,1000505,6367,'2018-19',27),(1,1,11045,6364,'2018-19',27),(1,1,29395,6364,'2018-19',0),(1,101,11045,6364,'2018-19',27),(1,102,29395,6364,'2018-19',27),(1,90,1000235,6364,'2018-19',27),(1,901,1000235,6364,'2018-19',27),(1,1,53453,6368,'2018-19',0),(1,1,1000152,6368,'2018-19',27),(1,101,53453,6368,'2018-19',27),(1,102,53453,6368,'2018-19',27),(1,90,53453,6368,'2018-19',0),(1,90,1000152,6368,'2018-19',27),(1,901,53453,6368,'2018-19',27),(1,1,63766,6366,'2018-19',13.5),(1,1,1000412,6366,'2018-19',13.5),(1,101,63766,6366,'2018-19',13.5),(1,101,1000412,6366,'2018-19',13.5),(1,102,63766,6366,'2018-19',13.5),(1,102,1000412,6366,'2018-19',13.5),(1,90,63766,6366,'2018-19',13.5),(1,90,1000412,6366,'2018-19',13.5),(1,901,63766,6366,'2018-19',13.5),(1,901,1000412,6366,'2018-19',13.5),(1,1,55897,6365,'2018-19',27),(1,1,1000152,6365,'2018-19',0),(1,101,55897,6365,'2018-19',27),(1,102,55897,6365,'2018-19',27),(1,90,53453,6365,'2018-19',27),(1,90,55897,6365,'2018-19',0),(1,90,1000152,6365,'2018-19',0),(1,901,53453,6365,'2018-19',27),(1,1,1000437,6370,'2018-19',0),(1,1,1000505,6370,'2018-19',27),(1,101,1000437,6370,'2018-19',27),(1,102,1000437,6370,'2018-19',27),(1,90,1000505,6370,'2018-19',27),(1,901,1000505,6370,'2018-19',27),(1,1,43447,6369,'2018-19',13.5),(1,1,1000412,6369,'2018-19',0),(1,1,1014514,6369,'2018-19',0),(1,1,1015226,6369,'2018-19',13.5),(1,101,43447,6369,'2018-19',13.5),(1,101,1014514,6369,'2018-19',13.5),(1,102,43447,6369,'2018-19',13.5),(1,102,1014514,6369,'2018-19',13.5),(1,90,43447,6369,'2018-19',13.5),(1,90,1000412,6369,'2018-19',13.5),(1,90,1015226,6369,'2018-19',0),(1,901,43447,6369,'2018-19',13.5),(1,901,1015226,6369,'2018-19',13.5),(1,1,46290,6373,'2018-19',27),(1,101,46290,6373,'2018-19',27),(1,102,46290,6373,'2018-19',27),(1,90,46290,6373,'2018-19',27),(1,901,46290,6373,'2018-19',27),(1,1,1000466,6372,'2018-19',27),(1,1,1000637,6372,'2018-19',0),(1,101,1000466,6372,'2018-19',0),(1,101,1000637,6372,'2018-19',27),(1,102,1000466,6372,'2018-19',0),(1,102,1000637,6372,'2018-19',27),(1,90,1000466,6372,'2018-19',27),(1,901,1000637,6372,'2018-19',27),(1,1,55146,6371,'2018-19',13.5),(1,1,1000287,6371,'2018-19',13.5),(1,101,55146,6371,'2018-19',13.5),(1,101,1000287,6371,'2018-19',13.5),(1,102,55146,6371,'2018-19',13.5),(1,102,1000287,6371,'2018-19',13.5),(1,90,1000287,6371,'2018-19',13.5),(1,90,1004835,6371,'2018-19',13.5),(1,901,1000287,6371,'2018-19',13.5),(1,901,1004835,6371,'2018-19',13.5),(1,1,48887,6391,'2018-19',3.69),(1,1,55897,6391,'2018-19',1),(1,1,74642,6391,'2018-19',10.08),(1,1,1000152,6391,'2018-19',1.84),(1,1,1000287,6391,'2018-19',5.54),(1,1,1000412,6391,'2018-19',13.77),(1,2,11045,6391,'2018-19',9),(1,2,29395,6391,'2018-19',18),(1,2,39809,6391,'2018-19',3.74),(1,2,40089,6391,'2018-19',9.27),(1,2,46455,6391,'2018-19',3.69),(1,2,48887,6391,'2018-19',3.69),(1,2,52186,6391,'2018-19',34.82),(1,2,53453,6391,'2018-19',13.1),(1,2,55897,6391,'2018-19',43.31),(1,2,63766,6391,'2018-19',3.78),(1,2,74642,6391,'2018-19',25.65),(1,2,1000287,6391,'2018-19',5.58),(1,2,1000333,6391,'2018-19',5.94),(1,2,1000412,6391,'2018-19',25.65),(1,2,1000466,6391,'2018-19',1.84),(1,2,1000637,6391,'2018-19',3.69),(1,90,63766,6391,'2018-19',1),(1,90,74642,6391,'2018-19',1),(1,90,1000333,6391,'2018-19',1),(1,90,1000412,6391,'2018-19',13.5),(1,91,29395,6391,'2018-19',13),(1,91,63766,6391,'2018-19',1),(1,91,74642,6391,'2018-19',1),(1,91,1000333,6391,'2018-19',9),(1,91,1000412,6391,'2018-19',13.5),(1,1,24173,6374,'2018-19',0),(1,101,0,6374,'2018-19',NULL),(1,1,46161,6379,'2018-19',13.5),(1,1,63766,6379,'2018-19',13.5),(1,1,72176,6379,'2018-19',0),(1,101,63766,6379,'2018-19',13.5),(1,101,72176,6379,'2018-19',13.5),(1,90,46161,6379,'2018-19',0),(1,90,57862,6379,'2018-19',40.5),(1,90,63766,6379,'2018-19',0),(1,901,46161,6379,'2018-19',6.75),(1,901,57862,6379,'2018-19',27),(1,901,63766,6379,'2018-19',6.75),(1,1,29395,6381,'2018-19',27),(1,101,29395,6381,'2018-19',27),(1,1,46455,6376,'2018-19',26),(1,1,74642,6376,'2018-19',1),(1,101,46455,6376,'2018-19',27),(1,90,46455,6376,'2018-19',39),(1,90,74642,6376,'2018-19',1.5),(1,901,46455,6376,'2018-19',40.5),(1,1,74916,6375,'2018-19',27),(1,101,74916,6375,'2018-19',27),(1,1,0,6383,'2018-19',NULL),(1,101,0,6383,'2018-19',NULL),(1,1,63766,6377,'2018-19',27),(1,1,72176,6377,'2018-19',0),(1,101,63766,6377,'2018-19',13.5),(1,101,72176,6377,'2018-19',13.5),(1,90,57862,6377,'2018-19',36),(1,90,63766,6377,'2018-19',4.5),(1,901,57862,6377,'2018-19',36),(1,901,63766,6377,'2018-19',4.5),(1,1,39809,6382,'2018-19',13.5),(1,1,40089,6382,'2018-19',13.5),(1,101,39809,6382,'2018-19',13.5),(1,101,40089,6382,'2018-19',13.5),(1,90,39809,6382,'2018-19',20.25),(1,90,40089,6382,'2018-19',20.25),(1,901,39809,6382,'2018-19',20.25),(1,901,40089,6382,'2018-19',20.25),(1,1,40816,6378,'2018-19',27),(1,1,1000412,6378,'2018-19',0),(1,101,40816,6378,'2018-19',27),(1,1,52186,6390,'2018-19',1),(1,2,52186,6390,'2018-19',1),(1,1,56881,6380,'2018-19',27),(1,101,56881,6380,'2018-19',27),(1,1,0,6386,'2018-19',NULL),(1,101,0,6386,'2018-19',NULL),(1,90,1000152,6386,'2018-19',0),(1,90,1000637,6386,'2018-19',0),(1,901,1000637,6386,'2018-19',0),(1,1,63766,6387,'2018-19',27),(1,1,72176,6387,'2018-19',0),(1,101,72176,6387,'2018-19',27),(1,90,57862,6387,'2018-19',36),(1,90,63766,6387,'2018-19',4.5),(1,901,57862,6387,'2018-19',36),(1,901,63766,6387,'2018-19',4.5),(1,1,55897,6388,'2018-19',0),(1,1,1000466,6388,'2018-19',27),(1,101,55897,6388,'2018-19',27),(1,90,55897,6388,'2018-19',0),(1,90,1000466,6388,'2018-19',40.5),(1,901,55897,6388,'2018-19',27),(1,1,40816,6389,'2018-19',0),(1,1,1000412,6389,'2018-19',0),(1,1,1014514,6389,'2018-19',27),(1,101,40816,6389,'2018-19',27),(1,90,1000412,6389,'2018-19',40.5),(1,901,1000412,6389,'2018-19',40.5),(1,1,13957,6384,'2018-19',0),(1,1,1000287,6384,'2018-19',0),(1,1,1015226,6384,'2018-19',27),(1,101,13957,6384,'2018-19',27),(1,90,13957,6384,'2018-19',13.5),(1,90,1000287,6384,'2018-19',27),(1,901,13957,6384,'2018-19',40.5),(1,1,72013,6385,'2018-19',27),(1,101,72013,6385,'2018-19',27),(1,90,0,6385,'2018-19',NULL),(1,901,0,6385,'2018-19',NULL),(1,1,34802,6347,'2018-19',0),(1,1,1000058,6347,'2018-19',0),(1,1,1000231,6347,'2018-19',27),(1,101,1000231,6347,'2018-19',27),(1,102,1000231,6347,'2018-19',27),(1,103,1000231,6347,'2018-19',27),(1,2,34802,6347,'2018-19',0),(1,2,1000058,6347,'2018-19',27),(1,2,1000231,6347,'2018-19',0),(1,201,34802,6347,'2018-19',27),(1,202,1000058,6347,'2018-19',27),(1,203,1000058,6347,'2018-19',27),(1,90,1000053,6347,'2018-19',18),(1,90,1000058,6347,'2018-19',9),(1,901,1000053,6347,'2018-19',18),(1,901,1000058,6347,'2018-19',9),(1,902,1000053,6347,'2018-19',18),(1,902,1000058,6347,'2018-19',9),(1,1,1000656,6345,'2018-19',27),(1,101,1000656,6345,'2018-19',27),(1,102,1000656,6345,'2018-19',27),(1,103,1000656,6345,'2018-19',27),(1,2,1000634,6345,'2018-19',27),(1,2,1000656,6345,'2018-19',0),(1,201,1000656,6345,'2018-19',27),(1,202,1000634,6345,'2018-19',27),(1,203,1000656,6345,'2018-19',0),(1,90,28423,6345,'2018-19',0),(1,90,100946,6345,'2018-19',27),(1,901,28423,6345,'2018-19',27),(1,902,28423,6345,'2018-19',27),(1,1,49086,6344,'2018-19',13.5),(1,1,56942,6344,'2018-19',13.5),(1,101,49086,6344,'2018-19',13.5),(1,101,56942,6344,'2018-19',13.5),(1,102,49086,6344,'2018-19',13.5),(1,102,56942,6344,'2018-19',13.5),(1,103,49086,6344,'2018-19',13.5),(1,103,56942,6344,'2018-19',13.5),(1,2,49086,6344,'2018-19',13.5),(1,2,56942,6344,'2018-19',13.5),(1,201,49086,6344,'2018-19',13.5),(1,201,56942,6344,'2018-19',13.5),(1,202,49086,6344,'2018-19',13.5),(1,202,56942,6344,'2018-19',13.5),(1,203,49086,6344,'2018-19',13.5),(1,203,56942,6344,'2018-19',13.5),(1,90,49086,6344,'2018-19',13.5),(1,90,56942,6344,'2018-19',13.5),(1,901,49086,6344,'2018-19',13.5),(1,901,56942,6344,'2018-19',13.5),(1,902,49086,6344,'2018-19',13.5),(1,902,56942,6344,'2018-19',13.5),(1,1,1000363,6348,'2018-19',27),(1,101,1000363,6348,'2018-19',27),(1,102,1000363,6348,'2018-19',27),(1,103,1000363,6348,'2018-19',27),(1,104,0,6348,'2018-19',NULL),(1,2,1000363,6348,'2018-19',27),(1,201,1000363,6348,'2018-19',27),(1,202,1000363,6348,'2018-19',27),(1,203,1000363,6348,'2018-19',27),(1,90,1000363,6348,'2018-19',27),(1,901,1000363,6348,'2018-19',27),(1,902,1000363,6348,'2018-19',27),(1,1,74642,6346,'2018-19',0),(1,1,1004836,6346,'2018-19',0),(1,1,1013983,6346,'2018-19',27),(1,101,1013983,6346,'2018-19',27),(1,102,1013983,6346,'2018-19',27),(1,103,74642,6346,'2018-19',27),(1,2,74642,6346,'2018-19',27),(1,2,1004836,6346,'2018-19',0),(1,201,1004836,6346,'2018-19',27),(1,202,74642,6346,'2018-19',27),(1,203,1004836,6346,'2018-19',27),(1,90,74642,6346,'2018-19',0),(1,90,90225,6346,'2018-19',27),(1,901,74642,6346,'2018-19',10),(1,901,90225,6346,'2018-19',17),(1,902,74642,6346,'2018-19',10),(1,902,90225,6346,'2018-19',17),(1,1,52186,6351,'2018-19',9),(1,1,74642,6351,'2018-19',18),(1,1,84218,6351,'2018-19',0),(1,1,1013983,6351,'2018-19',0),(1,101,74642,6351,'2018-19',27),(1,102,84218,6351,'2018-19',27),(1,103,52186,6351,'2018-19',27),(1,2,52186,6351,'2018-19',0),(1,2,74642,6351,'2018-19',0),(1,2,84218,6351,'2018-19',0),(1,2,1013983,6351,'2018-19',27),(1,201,1013983,6351,'2018-19',27),(1,202,1013983,6351,'2018-19',27),(1,203,1013983,6351,'2018-19',27),(1,204,84218,6351,'2018-19',27),(1,90,74642,6351,'2018-19',0),(1,90,90225,6351,'2018-19',27),(1,901,74642,6351,'2018-19',10),(1,901,90225,6351,'2018-19',17),(1,902,74642,6351,'2018-19',10),(1,902,90225,6351,'2018-19',17),(1,1,5620,6349,'2018-19',27),(1,101,5620,6349,'2018-19',27),(1,102,5620,6349,'2018-19',27),(1,103,5620,6349,'2018-19',27),(1,2,5679,6349,'2018-19',0),(1,2,92704,6349,'2018-19',0),(1,2,1016152,6349,'2018-19',27),(1,201,5679,6349,'2018-19',27),(1,202,92704,6349,'2018-19',27),(1,203,1016152,6349,'2018-19',27),(1,90,5679,6349,'2018-19',27),(1,901,5679,6349,'2018-19',27),(1,902,1009642,6349,'2018-19',27),(1,1,24202,6353,'2018-19',0),(1,1,1000505,6353,'2018-19',27),(1,1,1000637,6353,'2018-19',0),(1,1,1009788,6353,'2018-19',0),(1,101,1000637,6353,'2018-19',27),(1,102,1000637,6353,'2018-19',27),(1,103,1009788,6353,'2018-19',27),(1,2,24202,6353,'2018-19',0),(1,2,1000505,6353,'2018-19',27),(1,2,1009788,6353,'2018-19',0),(1,201,1009788,6353,'2018-19',27),(1,202,1000505,6353,'2018-19',27),(1,203,1000505,6353,'2018-19',18),(1,203,1009788,6353,'2018-19',9),(1,204,24202,6353,'2018-19',27),(1,90,24202,6353,'2018-19',27),(1,90,1000505,6353,'2018-19',0),(1,901,24202,6353,'2018-19',27),(1,902,24202,6353,'2018-19',27),(1,1,1000219,6350,'2018-19',0),(1,1,1000368,6350,'2018-19',0),(1,1,1000432,6350,'2018-19',27),(1,1,1000653,6350,'2018-19',0),(1,101,1000432,6350,'2018-19',27),(1,102,1000432,6350,'2018-19',27),(1,103,1000219,6350,'2018-19',27),(1,2,1000219,6350,'2018-19',0),(1,2,1000368,6350,'2018-19',0),(1,2,1000432,6350,'2018-19',27),(1,2,1000653,6350,'2018-19',0),(1,201,1000653,6350,'2018-19',27),(1,202,1000368,6350,'2018-19',27),(1,203,0,6350,'2018-19',NULL),(1,90,28423,6350,'2018-19',27),(1,901,28423,6350,'2018-19',27),(1,902,28423,6350,'2018-19',27),(1,1,11045,6352,'2018-19',27),(1,101,11045,6352,'2018-19',27),(1,102,11045,6352,'2018-19',27),(1,103,11045,6352,'2018-19',27),(1,2,11045,6352,'2018-19',27),(1,201,11045,6352,'2018-19',27),(1,202,11045,6352,'2018-19',27),(1,203,0,6352,'2018-19',NULL),(1,90,60856,6352,'2018-19',27),(1,901,60856,6352,'2018-19',27),(1,902,60856,6352,'2018-19',27),(1,1,100946,6355,'2018-19',27),(1,101,100946,6355,'2018-19',27),(1,102,100946,6355,'2018-19',27),(1,103,100946,6355,'2018-19',27),(1,104,0,6355,'2018-19',NULL),(1,90,100946,6355,'2018-19',27),(1,901,100946,6355,'2018-19',27),(1,1,29395,6358,'2018-19',27),(1,101,29395,6358,'2018-19',27),(1,102,29395,6358,'2018-19',27),(1,103,29395,6358,'2018-19',27),(1,104,29395,6358,'2018-19',27),(1,90,29395,6358,'2018-19',27),(1,901,29395,6358,'2018-19',27),(1,1,55146,6357,'2018-19',27),(1,101,55146,6357,'2018-19',27),(1,102,55146,6357,'2018-19',27),(1,103,55146,6357,'2018-19',27),(1,104,55146,6357,'2018-19',27),(1,90,35796,6357,'2018-19',27),(1,901,35796,6357,'2018-19',27),(1,1,1000287,6354,'2018-19',27),(1,101,1000287,6354,'2018-19',27),(1,102,1000287,6354,'2018-19',27),(1,103,1000287,6354,'2018-19',27),(1,104,1000287,6354,'2018-19',27),(1,90,1000287,6354,'2018-19',27),(1,901,1000287,6354,'2018-19',27),(1,1,48887,6356,'2018-19',0),(1,1,1000942,6356,'2018-19',27),(1,101,48887,6356,'2018-19',27),(1,102,1000942,6356,'2018-19',27),(1,103,1000942,6356,'2018-19',27),(1,90,48887,6356,'2018-19',27),(1,901,48887,6356,'2018-19',27),(1,1,48887,6363,'2018-19',0),(1,1,1000942,6363,'2018-19',27),(1,1,1015483,6363,'2018-19',0),(1,101,48887,6363,'2018-19',27),(1,102,48887,6363,'2018-19',15),(1,102,1015278,6363,'2018-19',12),(1,103,1015278,6363,'2018-19',27),(1,90,48887,6363,'2018-19',27),(1,901,48887,6363,'2018-19',27),(1,1,24173,6360,'2018-19',13.5),(1,1,43447,6360,'2018-19',0),(1,1,1000333,6360,'2018-19',13.5),(1,101,43447,6360,'2018-19',27),(1,102,43447,6360,'2018-19',13.5),(1,102,1000333,6360,'2018-19',13.5),(1,103,24173,6360,'2018-19',13.5),(1,103,1000333,6360,'2018-19',13.5),(1,90,24173,6360,'2018-19',13.5),(1,90,1000333,6360,'2018-19',13.5),(1,901,24173,6360,'2018-19',13.5),(1,901,1000333,6360,'2018-19',13.5),(1,1,40089,6359,'2018-19',0),(1,1,1015494,6359,'2018-19',0),(1,101,40089,6359,'2018-19',27),(1,102,40089,6359,'2018-19',27),(1,103,1015494,6359,'2018-19',27),(1,104,1015494,6359,'2018-19',27),(1,90,40089,6359,'2018-19',0),(1,90,74642,6359,'2018-19',0),(1,90,1000466,6359,'2018-19',27),(1,901,74642,6359,'2018-19',27),(1,1,39809,6361,'2018-19',0),(1,1,1008327,6361,'2018-19',0),(1,1,1015278,6361,'2018-19',27),(1,101,1008327,6361,'2018-19',27),(1,102,1008327,6361,'2018-19',27),(1,103,1008327,6361,'2018-19',27),(1,90,39809,6361,'2018-19',27),(1,901,39809,6361,'2018-19',27),(1,1,14906,6362,'2018-19',27),(1,101,14906,6362,'2018-19',27),(1,102,14906,6362,'2018-19',27),(1,103,14906,6362,'2018-19',27),(1,90,14906,6362,'2018-19',27),(1,901,14906,6362,'2018-19',27),(1,1,1000437,6367,'2018-19',0),(1,1,1000505,6367,'2018-19',27),(1,101,1000437,6367,'2018-19',27),(1,102,1000437,6367,'2018-19',27),(1,90,1000505,6367,'2018-19',27),(1,901,1000505,6367,'2018-19',27),(1,1,11045,6364,'2018-19',27),(1,1,29395,6364,'2018-19',0),(1,101,11045,6364,'2018-19',27),(1,102,29395,6364,'2018-19',27),(1,90,1000235,6364,'2018-19',27),(1,901,1000235,6364,'2018-19',27),(1,1,53453,6368,'2018-19',0),(1,1,1000152,6368,'2018-19',27),(1,101,53453,6368,'2018-19',27),(1,102,53453,6368,'2018-19',27),(1,90,53453,6368,'2018-19',0),(1,90,1000152,6368,'2018-19',27),(1,901,53453,6368,'2018-19',27),(1,1,63766,6366,'2018-19',13.5),(1,1,1000412,6366,'2018-19',13.5),(1,101,63766,6366,'2018-19',13.5),(1,101,1000412,6366,'2018-19',13.5),(1,102,63766,6366,'2018-19',13.5),(1,102,1000412,6366,'2018-19',13.5),(1,90,63766,6366,'2018-19',13.5),(1,90,1000412,6366,'2018-19',13.5),(1,901,63766,6366,'2018-19',13.5),(1,901,1000412,6366,'2018-19',13.5),(1,1,55897,6365,'2018-19',27),(1,1,1000152,6365,'2018-19',0),(1,101,55897,6365,'2018-19',27),(1,102,55897,6365,'2018-19',27),(1,90,53453,6365,'2018-19',27),(1,90,55897,6365,'2018-19',0),(1,90,1000152,6365,'2018-19',0),(1,901,53453,6365,'2018-19',27),(1,1,1000437,6370,'2018-19',0),(1,1,1000505,6370,'2018-19',27),(1,101,1000437,6370,'2018-19',27),(1,102,1000437,6370,'2018-19',27),(1,90,1000505,6370,'2018-19',27),(1,901,1000505,6370,'2018-19',27),(1,1,43447,6369,'2018-19',13.5),(1,1,1000412,6369,'2018-19',0),(1,1,1014514,6369,'2018-19',0),(1,1,1015226,6369,'2018-19',13.5),(1,101,43447,6369,'2018-19',13.5),(1,101,1014514,6369,'2018-19',13.5),(1,102,43447,6369,'2018-19',13.5),(1,102,1014514,6369,'2018-19',13.5),(1,90,43447,6369,'2018-19',13.5),(1,90,1000412,6369,'2018-19',13.5),(1,90,1015226,6369,'2018-19',0),(1,901,43447,6369,'2018-19',13.5),(1,901,1015226,6369,'2018-19',13.5),(1,1,46290,6373,'2018-19',27),(1,101,46290,6373,'2018-19',27),(1,102,46290,6373,'2018-19',27),(1,90,46290,6373,'2018-19',27),(1,901,46290,6373,'2018-19',27),(1,1,1000466,6372,'2018-19',27),(1,1,1000637,6372,'2018-19',0),(1,101,1000466,6372,'2018-19',0),(1,101,1000637,6372,'2018-19',27),(1,102,1000466,6372,'2018-19',0),(1,102,1000637,6372,'2018-19',27),(1,90,1000466,6372,'2018-19',27),(1,901,1000637,6372,'2018-19',27),(1,1,55146,6371,'2018-19',13.5),(1,1,1000287,6371,'2018-19',13.5),(1,101,55146,6371,'2018-19',13.5),(1,101,1000287,6371,'2018-19',13.5),(1,102,55146,6371,'2018-19',13.5),(1,102,1000287,6371,'2018-19',13.5),(1,90,1000287,6371,'2018-19',13.5),(1,90,1004835,6371,'2018-19',13.5),(1,901,1000287,6371,'2018-19',13.5),(1,901,1004835,6371,'2018-19',13.5),(1,1,48887,6391,'2018-19',3.69),(1,1,55897,6391,'2018-19',1),(1,1,74642,6391,'2018-19',10.08),(1,1,1000152,6391,'2018-19',1.84),(1,1,1000287,6391,'2018-19',5.54),(1,1,1000412,6391,'2018-19',13.77),(1,2,11045,6391,'2018-19',9),(1,2,29395,6391,'2018-19',18),(1,2,39809,6391,'2018-19',3.74),(1,2,40089,6391,'2018-19',9.27),(1,2,46455,6391,'2018-19',3.69),(1,2,48887,6391,'2018-19',3.69),(1,2,52186,6391,'2018-19',34.82),(1,2,53453,6391,'2018-19',13.1),(1,2,55897,6391,'2018-19',43.31),(1,2,63766,6391,'2018-19',3.78),(1,2,74642,6391,'2018-19',25.65),(1,2,1000287,6391,'2018-19',5.58),(1,2,1000333,6391,'2018-19',5.94),(1,2,1000412,6391,'2018-19',25.65),(1,2,1000466,6391,'2018-19',1.84),(1,2,1000637,6391,'2018-19',3.69),(1,90,63766,6391,'2018-19',1),(1,90,74642,6391,'2018-19',1),(1,90,1000333,6391,'2018-19',1),(1,90,1000412,6391,'2018-19',13.5),(1,91,29395,6391,'2018-19',13),(1,91,63766,6391,'2018-19',1),(1,91,74642,6391,'2018-19',1),(1,91,1000333,6391,'2018-19',9),(1,91,1000412,6391,'2018-19',13.5),(1,1,24173,6374,'2018-19',0),(1,101,0,6374,'2018-19',NULL),(1,1,46161,6379,'2018-19',13.5),(1,1,63766,6379,'2018-19',13.5),(1,1,72176,6379,'2018-19',0),(1,101,63766,6379,'2018-19',13.5),(1,101,72176,6379,'2018-19',13.5),(1,90,46161,6379,'2018-19',0),(1,90,57862,6379,'2018-19',40.5),(1,90,63766,6379,'2018-19',0),(1,901,46161,6379,'2018-19',6.75),(1,901,57862,6379,'2018-19',27),(1,901,63766,6379,'2018-19',6.75),(1,1,29395,6381,'2018-19',27),(1,101,29395,6381,'2018-19',27),(1,1,46455,6376,'2018-19',26),(1,1,74642,6376,'2018-19',1),(1,101,46455,6376,'2018-19',27),(1,90,46455,6376,'2018-19',39),(1,90,74642,6376,'2018-19',1.5),(1,901,46455,6376,'2018-19',40.5),(1,1,74916,6375,'2018-19',27),(1,101,74916,6375,'2018-19',27),(1,1,0,6383,'2018-19',NULL),(1,101,0,6383,'2018-19',NULL),(1,1,63766,6377,'2018-19',27),(1,1,72176,6377,'2018-19',0),(1,101,63766,6377,'2018-19',13.5),(1,101,72176,6377,'2018-19',13.5),(1,90,57862,6377,'2018-19',36),(1,90,63766,6377,'2018-19',4.5),(1,901,57862,6377,'2018-19',36),(1,901,63766,6377,'2018-19',4.5),(1,1,39809,6382,'2018-19',13.5),(1,1,40089,6382,'2018-19',13.5),(1,101,39809,6382,'2018-19',13.5),(1,101,40089,6382,'2018-19',13.5),(1,90,39809,6382,'2018-19',20.25),(1,90,40089,6382,'2018-19',20.25),(1,901,39809,6382,'2018-19',20.25),(1,901,40089,6382,'2018-19',20.25),(1,1,40816,6378,'2018-19',27),(1,1,1000412,6378,'2018-19',0),(1,101,40816,6378,'2018-19',27),(1,1,52186,6390,'2018-19',1),(1,2,52186,6390,'2018-19',1),(1,1,56881,6380,'2018-19',27),(1,101,56881,6380,'2018-19',27),(1,1,0,6386,'2018-19',NULL),(1,101,0,6386,'2018-19',NULL),(1,90,1000152,6386,'2018-19',0),(1,90,1000637,6386,'2018-19',0),(1,901,1000637,6386,'2018-19',0),(1,1,63766,6387,'2018-19',27),(1,1,72176,6387,'2018-19',0),(1,101,72176,6387,'2018-19',27),(1,90,57862,6387,'2018-19',36),(1,90,63766,6387,'2018-19',4.5),(1,901,57862,6387,'2018-19',36),(1,901,63766,6387,'2018-19',4.5),(1,1,55897,6388,'2018-19',0),(1,1,1000466,6388,'2018-19',27),(1,101,55897,6388,'2018-19',27),(1,90,55897,6388,'2018-19',0),(1,90,1000466,6388,'2018-19',40.5),(1,901,55897,6388,'2018-19',27),(1,1,40816,6389,'2018-19',0),(1,1,1000412,6389,'2018-19',0),(1,1,1014514,6389,'2018-19',27),(1,101,40816,6389,'2018-19',27),(1,90,1000412,6389,'2018-19',40.5),(1,901,1000412,6389,'2018-19',40.5),(1,1,13957,6384,'2018-19',0),(1,1,1000287,6384,'2018-19',0),(1,1,1015226,6384,'2018-19',27),(1,101,13957,6384,'2018-19',27),(1,90,13957,6384,'2018-19',13.5),(1,90,1000287,6384,'2018-19',27),(1,901,13957,6384,'2018-19',40.5),(1,1,72013,6385,'2018-19',27),(1,101,72013,6385,'2018-19',27),(1,90,0,6385,'2018-19',NULL),(1,901,0,6385,'2018-19',NULL),(1,1,34802,6347,'2018-19',0),(1,1,1000058,6347,'2018-19',0),(1,1,1000231,6347,'2018-19',27),(1,101,1000231,6347,'2018-19',27),(1,102,1000231,6347,'2018-19',27),(1,103,1000231,6347,'2018-19',27),(1,2,34802,6347,'2018-19',0),(1,2,1000058,6347,'2018-19',27),(1,2,1000231,6347,'2018-19',0),(1,201,34802,6347,'2018-19',27),(1,202,1000058,6347,'2018-19',27),(1,203,1000058,6347,'2018-19',27),(1,90,1000053,6347,'2018-19',18),(1,90,1000058,6347,'2018-19',9),(1,901,1000053,6347,'2018-19',18),(1,901,1000058,6347,'2018-19',9),(1,902,1000053,6347,'2018-19',18),(1,902,1000058,6347,'2018-19',9),(1,1,1000656,6345,'2018-19',27),(1,101,1000656,6345,'2018-19',27),(1,102,1000656,6345,'2018-19',27),(1,103,1000656,6345,'2018-19',27),(1,2,1000634,6345,'2018-19',27),(1,2,1000656,6345,'2018-19',0),(1,201,1000656,6345,'2018-19',27),(1,202,1000634,6345,'2018-19',27),(1,203,1000656,6345,'2018-19',0),(1,90,28423,6345,'2018-19',0),(1,90,100946,6345,'2018-19',27),(1,901,28423,6345,'2018-19',27),(1,902,28423,6345,'2018-19',27),(1,1,49086,6344,'2018-19',13.5),(1,1,56942,6344,'2018-19',13.5),(1,101,49086,6344,'2018-19',13.5),(1,101,56942,6344,'2018-19',13.5),(1,102,49086,6344,'2018-19',13.5),(1,102,56942,6344,'2018-19',13.5),(1,103,49086,6344,'2018-19',13.5),(1,103,56942,6344,'2018-19',13.5),(1,2,49086,6344,'2018-19',13.5),(1,2,56942,6344,'2018-19',13.5),(1,201,49086,6344,'2018-19',13.5),(1,201,56942,6344,'2018-19',13.5),(1,202,49086,6344,'2018-19',13.5),(1,202,56942,6344,'2018-19',13.5),(1,203,49086,6344,'2018-19',13.5),(1,203,56942,6344,'2018-19',13.5),(1,90,49086,6344,'2018-19',13.5),(1,90,56942,6344,'2018-19',13.5),(1,901,49086,6344,'2018-19',13.5),(1,901,56942,6344,'2018-19',13.5),(1,902,49086,6344,'2018-19',13.5),(1,902,56942,6344,'2018-19',13.5),(1,1,1000363,6348,'2018-19',27),(1,101,1000363,6348,'2018-19',27),(1,102,1000363,6348,'2018-19',27),(1,103,1000363,6348,'2018-19',27),(1,104,0,6348,'2018-19',NULL),(1,2,1000363,6348,'2018-19',27),(1,201,1000363,6348,'2018-19',27),(1,202,1000363,6348,'2018-19',27),(1,203,1000363,6348,'2018-19',27),(1,90,1000363,6348,'2018-19',27),(1,901,1000363,6348,'2018-19',27),(1,902,1000363,6348,'2018-19',27),(1,1,74642,6346,'2018-19',0),(1,1,1004836,6346,'2018-19',0),(1,1,1013983,6346,'2018-19',27),(1,101,1013983,6346,'2018-19',27),(1,102,1013983,6346,'2018-19',27),(1,103,74642,6346,'2018-19',27),(1,2,74642,6346,'2018-19',27),(1,2,1004836,6346,'2018-19',0),(1,201,1004836,6346,'2018-19',27),(1,202,74642,6346,'2018-19',27),(1,203,1004836,6346,'2018-19',27),(1,90,74642,6346,'2018-19',0),(1,90,90225,6346,'2018-19',27),(1,901,74642,6346,'2018-19',10),(1,901,90225,6346,'2018-19',17),(1,902,74642,6346,'2018-19',10),(1,902,90225,6346,'2018-19',17),(1,1,52186,6351,'2018-19',9),(1,1,74642,6351,'2018-19',18),(1,1,84218,6351,'2018-19',0),(1,1,1013983,6351,'2018-19',0),(1,101,74642,6351,'2018-19',27),(1,102,84218,6351,'2018-19',27),(1,103,52186,6351,'2018-19',27),(1,2,52186,6351,'2018-19',0),(1,2,74642,6351,'2018-19',0),(1,2,84218,6351,'2018-19',0),(1,2,1013983,6351,'2018-19',27),(1,201,1013983,6351,'2018-19',27),(1,202,1013983,6351,'2018-19',27),(1,203,1013983,6351,'2018-19',27),(1,204,84218,6351,'2018-19',27),(1,90,74642,6351,'2018-19',0),(1,90,90225,6351,'2018-19',27),(1,901,74642,6351,'2018-19',10),(1,901,90225,6351,'2018-19',17),(1,902,74642,6351,'2018-19',10),(1,902,90225,6351,'2018-19',17),(1,1,5620,6349,'2018-19',27),(1,101,5620,6349,'2018-19',27),(1,102,5620,6349,'2018-19',27),(1,103,5620,6349,'2018-19',27),(1,2,5679,6349,'2018-19',0),(1,2,92704,6349,'2018-19',0),(1,2,1016152,6349,'2018-19',27),(1,201,5679,6349,'2018-19',27),(1,202,92704,6349,'2018-19',27),(1,203,1016152,6349,'2018-19',27),(1,90,5679,6349,'2018-19',27),(1,901,5679,6349,'2018-19',27),(1,902,1009642,6349,'2018-19',27),(1,1,24202,6353,'2018-19',0),(1,1,1000505,6353,'2018-19',27),(1,1,1000637,6353,'2018-19',0),(1,1,1009788,6353,'2018-19',0),(1,101,1000637,6353,'2018-19',27),(1,102,1000637,6353,'2018-19',27),(1,103,1009788,6353,'2018-19',27),(1,2,24202,6353,'2018-19',0),(1,2,1000505,6353,'2018-19',27),(1,2,1009788,6353,'2018-19',0),(1,201,1009788,6353,'2018-19',27),(1,202,1000505,6353,'2018-19',27),(1,203,1000505,6353,'2018-19',18),(1,203,1009788,6353,'2018-19',9),(1,204,24202,6353,'2018-19',27),(1,90,24202,6353,'2018-19',27),(1,90,1000505,6353,'2018-19',0),(1,901,24202,6353,'2018-19',27),(1,902,24202,6353,'2018-19',27),(1,1,1000219,6350,'2018-19',0),(1,1,1000368,6350,'2018-19',0),(1,1,1000432,6350,'2018-19',27),(1,1,1000653,6350,'2018-19',0),(1,101,1000432,6350,'2018-19',27),(1,102,1000432,6350,'2018-19',27),(1,103,1000219,6350,'2018-19',27),(1,2,1000219,6350,'2018-19',0),(1,2,1000368,6350,'2018-19',0),(1,2,1000432,6350,'2018-19',27),(1,2,1000653,6350,'2018-19',0),(1,201,1000653,6350,'2018-19',27),(1,202,1000368,6350,'2018-19',27),(1,203,0,6350,'2018-19',NULL),(1,90,28423,6350,'2018-19',27),(1,901,28423,6350,'2018-19',27),(1,902,28423,6350,'2018-19',27),(1,1,11045,6352,'2018-19',27),(1,101,11045,6352,'2018-19',27),(1,102,11045,6352,'2018-19',27),(1,103,11045,6352,'2018-19',27),(1,2,11045,6352,'2018-19',27),(1,201,11045,6352,'2018-19',27),(1,202,11045,6352,'2018-19',27),(1,203,0,6352,'2018-19',NULL),(1,90,60856,6352,'2018-19',27),(1,901,60856,6352,'2018-19',27),(1,902,60856,6352,'2018-19',27),(1,1,100946,6355,'2018-19',27),(1,101,100946,6355,'2018-19',27),(1,102,100946,6355,'2018-19',27),(1,103,100946,6355,'2018-19',27),(1,104,0,6355,'2018-19',NULL),(1,90,100946,6355,'2018-19',27),(1,901,100946,6355,'2018-19',27),(1,1,29395,6358,'2018-19',27),(1,101,29395,6358,'2018-19',27),(1,102,29395,6358,'2018-19',27),(1,103,29395,6358,'2018-19',27),(1,104,29395,6358,'2018-19',27),(1,90,29395,6358,'2018-19',27),(1,901,29395,6358,'2018-19',27),(1,1,55146,6357,'2018-19',27),(1,101,55146,6357,'2018-19',27),(1,102,55146,6357,'2018-19',27),(1,103,55146,6357,'2018-19',27),(1,104,55146,6357,'2018-19',27),(1,90,35796,6357,'2018-19',27),(1,901,35796,6357,'2018-19',27),(1,1,1000287,6354,'2018-19',27),(1,101,1000287,6354,'2018-19',27),(1,102,1000287,6354,'2018-19',27),(1,103,1000287,6354,'2018-19',27),(1,104,1000287,6354,'2018-19',27),(1,90,1000287,6354,'2018-19',27),(1,901,1000287,6354,'2018-19',27),(1,1,48887,6356,'2018-19',0),(1,1,1000942,6356,'2018-19',27),(1,101,48887,6356,'2018-19',27),(1,102,1000942,6356,'2018-19',27),(1,103,1000942,6356,'2018-19',27),(1,90,48887,6356,'2018-19',27),(1,901,48887,6356,'2018-19',27),(1,1,48887,6363,'2018-19',0),(1,1,1000942,6363,'2018-19',27),(1,1,1015483,6363,'2018-19',0),(1,101,48887,6363,'2018-19',27),(1,102,48887,6363,'2018-19',15),(1,102,1015278,6363,'2018-19',12),(1,103,1015278,6363,'2018-19',27),(1,90,48887,6363,'2018-19',27),(1,901,48887,6363,'2018-19',27),(1,1,24173,6360,'2018-19',13.5),(1,1,43447,6360,'2018-19',0),(1,1,1000333,6360,'2018-19',13.5),(1,101,43447,6360,'2018-19',27),(1,102,43447,6360,'2018-19',13.5),(1,102,1000333,6360,'2018-19',13.5),(1,103,24173,6360,'2018-19',13.5),(1,103,1000333,6360,'2018-19',13.5),(1,90,24173,6360,'2018-19',13.5),(1,90,1000333,6360,'2018-19',13.5),(1,901,24173,6360,'2018-19',13.5),(1,901,1000333,6360,'2018-19',13.5),(1,1,40089,6359,'2018-19',0),(1,1,1015494,6359,'2018-19',0),(1,101,40089,6359,'2018-19',27),(1,102,40089,6359,'2018-19',27),(1,103,1015494,6359,'2018-19',27),(1,104,1015494,6359,'2018-19',27),(1,90,40089,6359,'2018-19',0),(1,90,74642,6359,'2018-19',0),(1,90,1000466,6359,'2018-19',27),(1,901,74642,6359,'2018-19',27),(1,1,39809,6361,'2018-19',0),(1,1,1008327,6361,'2018-19',0),(1,1,1015278,6361,'2018-19',27),(1,101,1008327,6361,'2018-19',27),(1,102,1008327,6361,'2018-19',27),(1,103,1008327,6361,'2018-19',27),(1,90,39809,6361,'2018-19',27),(1,901,39809,6361,'2018-19',27),(1,1,14906,6362,'2018-19',27),(1,101,14906,6362,'2018-19',27),(1,102,14906,6362,'2018-19',27),(1,103,14906,6362,'2018-19',27),(1,90,14906,6362,'2018-19',27),(1,901,14906,6362,'2018-19',27),(1,1,1000437,6367,'2018-19',0),(1,1,1000505,6367,'2018-19',27),(1,101,1000437,6367,'2018-19',27),(1,102,1000437,6367,'2018-19',27),(1,90,1000505,6367,'2018-19',27),(1,901,1000505,6367,'2018-19',27),(1,1,11045,6364,'2018-19',27),(1,1,29395,6364,'2018-19',0),(1,101,11045,6364,'2018-19',27),(1,102,29395,6364,'2018-19',27),(1,90,1000235,6364,'2018-19',27),(1,901,1000235,6364,'2018-19',27),(1,1,53453,6368,'2018-19',0),(1,1,1000152,6368,'2018-19',27),(1,101,53453,6368,'2018-19',27),(1,102,53453,6368,'2018-19',27),(1,90,53453,6368,'2018-19',0),(1,90,1000152,6368,'2018-19',27),(1,901,53453,6368,'2018-19',27),(1,1,63766,6366,'2018-19',13.5),(1,1,1000412,6366,'2018-19',13.5),(1,101,63766,6366,'2018-19',13.5),(1,101,1000412,6366,'2018-19',13.5),(1,102,63766,6366,'2018-19',13.5),(1,102,1000412,6366,'2018-19',13.5),(1,90,63766,6366,'2018-19',13.5),(1,90,1000412,6366,'2018-19',13.5),(1,901,63766,6366,'2018-19',13.5),(1,901,1000412,6366,'2018-19',13.5),(1,1,55897,6365,'2018-19',27),(1,1,1000152,6365,'2018-19',0),(1,101,55897,6365,'2018-19',27),(1,102,55897,6365,'2018-19',27),(1,90,53453,6365,'2018-19',27),(1,90,55897,6365,'2018-19',0),(1,90,1000152,6365,'2018-19',0),(1,901,53453,6365,'2018-19',27),(1,1,1000437,6370,'2018-19',0),(1,1,1000505,6370,'2018-19',27),(1,101,1000437,6370,'2018-19',27),(1,102,1000437,6370,'2018-19',27),(1,90,1000505,6370,'2018-19',27),(1,901,1000505,6370,'2018-19',27),(1,1,43447,6369,'2018-19',13.5),(1,1,1000412,6369,'2018-19',0),(1,1,1014514,6369,'2018-19',0),(1,1,1015226,6369,'2018-19',13.5),(1,101,43447,6369,'2018-19',13.5),(1,101,1014514,6369,'2018-19',13.5),(1,102,43447,6369,'2018-19',13.5),(1,102,1014514,6369,'2018-19',13.5),(1,90,43447,6369,'2018-19',13.5),(1,90,1000412,6369,'2018-19',13.5),(1,90,1015226,6369,'2018-19',0),(1,901,43447,6369,'2018-19',13.5),(1,901,1015226,6369,'2018-19',13.5),(1,1,46290,6373,'2018-19',27),(1,101,46290,6373,'2018-19',27),(1,102,46290,6373,'2018-19',27),(1,90,46290,6373,'2018-19',27),(1,901,46290,6373,'2018-19',27),(1,1,1000466,6372,'2018-19',27),(1,1,1000637,6372,'2018-19',0),(1,101,1000466,6372,'2018-19',0),(1,101,1000637,6372,'2018-19',27),(1,102,1000466,6372,'2018-19',0),(1,102,1000637,6372,'2018-19',27),(1,90,1000466,6372,'2018-19',27),(1,901,1000637,6372,'2018-19',27),(1,1,55146,6371,'2018-19',13.5),(1,1,1000287,6371,'2018-19',13.5),(1,101,55146,6371,'2018-19',13.5),(1,101,1000287,6371,'2018-19',13.5),(1,102,55146,6371,'2018-19',13.5),(1,102,1000287,6371,'2018-19',13.5),(1,90,1000287,6371,'2018-19',13.5),(1,90,1004835,6371,'2018-19',13.5),(1,901,1000287,6371,'2018-19',13.5),(1,901,1004835,6371,'2018-19',13.5),(1,1,48887,6391,'2018-19',3.69),(1,1,55897,6391,'2018-19',1),(1,1,74642,6391,'2018-19',10.08),(1,1,1000152,6391,'2018-19',1.84),(1,1,1000287,6391,'2018-19',5.54),(1,1,1000412,6391,'2018-19',13.77),(1,2,11045,6391,'2018-19',9),(1,2,29395,6391,'2018-19',18),(1,2,39809,6391,'2018-19',3.74),(1,2,40089,6391,'2018-19',9.27),(1,2,46455,6391,'2018-19',3.69),(1,2,48887,6391,'2018-19',3.69),(1,2,52186,6391,'2018-19',34.82),(1,2,53453,6391,'2018-19',13.1),(1,2,55897,6391,'2018-19',43.31),(1,2,63766,6391,'2018-19',3.78),(1,2,74642,6391,'2018-19',25.65),(1,2,1000287,6391,'2018-19',5.58),(1,2,1000333,6391,'2018-19',5.94),(1,2,1000412,6391,'2018-19',25.65),(1,2,1000466,6391,'2018-19',1.84),(1,2,1000637,6391,'2018-19',3.69),(1,90,63766,6391,'2018-19',1),(1,90,74642,6391,'2018-19',1),(1,90,1000333,6391,'2018-19',1),(1,90,1000412,6391,'2018-19',13.5),(1,91,29395,6391,'2018-19',13),(1,91,63766,6391,'2018-19',1),(1,91,74642,6391,'2018-19',1),(1,91,1000333,6391,'2018-19',9),(1,91,1000412,6391,'2018-19',13.5),(1,1,24173,6374,'2018-19',0),(1,101,0,6374,'2018-19',NULL),(1,1,46161,6379,'2018-19',13.5),(1,1,63766,6379,'2018-19',13.5),(1,1,72176,6379,'2018-19',0),(1,101,63766,6379,'2018-19',13.5),(1,101,72176,6379,'2018-19',13.5),(1,90,46161,6379,'2018-19',0),(1,90,57862,6379,'2018-19',40.5),(1,90,63766,6379,'2018-19',0),(1,901,46161,6379,'2018-19',6.75),(1,901,57862,6379,'2018-19',27),(1,901,63766,6379,'2018-19',6.75),(1,1,29395,6381,'2018-19',27),(1,101,29395,6381,'2018-19',27),(1,1,46455,6376,'2018-19',26),(1,1,74642,6376,'2018-19',1),(1,101,46455,6376,'2018-19',27),(1,90,46455,6376,'2018-19',39),(1,90,74642,6376,'2018-19',1.5),(1,901,46455,6376,'2018-19',40.5),(1,1,74916,6375,'2018-19',27),(1,101,74916,6375,'2018-19',27),(1,1,0,6383,'2018-19',NULL),(1,101,0,6383,'2018-19',NULL),(1,1,63766,6377,'2018-19',27),(1,1,72176,6377,'2018-19',0),(1,101,63766,6377,'2018-19',13.5),(1,101,72176,6377,'2018-19',13.5),(1,90,57862,6377,'2018-19',36),(1,90,63766,6377,'2018-19',4.5),(1,901,57862,6377,'2018-19',36),(1,901,63766,6377,'2018-19',4.5),(1,1,39809,6382,'2018-19',13.5),(1,1,40089,6382,'2018-19',13.5),(1,101,39809,6382,'2018-19',13.5),(1,101,40089,6382,'2018-19',13.5),(1,90,39809,6382,'2018-19',20.25),(1,90,40089,6382,'2018-19',20.25),(1,901,39809,6382,'2018-19',20.25),(1,901,40089,6382,'2018-19',20.25),(1,1,40816,6378,'2018-19',27),(1,1,1000412,6378,'2018-19',0),(1,101,40816,6378,'2018-19',27),(1,1,52186,6390,'2018-19',1),(1,2,52186,6390,'2018-19',1),(1,1,56881,6380,'2018-19',27),(1,101,56881,6380,'2018-19',27),(1,1,0,6386,'2018-19',NULL),(1,101,0,6386,'2018-19',NULL),(1,90,1000152,6386,'2018-19',0),(1,90,1000637,6386,'2018-19',0),(1,901,1000637,6386,'2018-19',0),(1,1,63766,6387,'2018-19',27),(1,1,72176,6387,'2018-19',0),(1,101,72176,6387,'2018-19',27),(1,90,57862,6387,'2018-19',36),(1,90,63766,6387,'2018-19',4.5),(1,901,57862,6387,'2018-19',36),(1,901,63766,6387,'2018-19',4.5),(1,1,55897,6388,'2018-19',0),(1,1,1000466,6388,'2018-19',27),(1,101,55897,6388,'2018-19',27),(1,90,55897,6388,'2018-19',0),(1,90,1000466,6388,'2018-19',40.5),(1,901,55897,6388,'2018-19',27),(1,1,40816,6389,'2018-19',0),(1,1,1000412,6389,'2018-19',0),(1,1,1014514,6389,'2018-19',27),(1,101,40816,6389,'2018-19',27),(1,90,1000412,6389,'2018-19',40.5),(1,901,1000412,6389,'2018-19',40.5),(1,1,13957,6384,'2018-19',0),(1,1,1000287,6384,'2018-19',0),(1,1,1015226,6384,'2018-19',27),(1,101,13957,6384,'2018-19',27),(1,90,13957,6384,'2018-19',13.5),(1,90,1000287,6384,'2018-19',27),(1,901,13957,6384,'2018-19',40.5),(1,1,72013,6385,'2018-19',27),(1,101,72013,6385,'2018-19',27),(1,90,0,6385,'2018-19',NULL),(1,901,0,6385,'2018-19',NULL),(1,1,34802,6347,'2018-19',0),(1,1,1000058,6347,'2018-19',0),(1,1,1000231,6347,'2018-19',27),(1,101,1000231,6347,'2018-19',27),(1,102,1000231,6347,'2018-19',27),(1,103,1000231,6347,'2018-19',27),(1,2,34802,6347,'2018-19',0),(1,2,1000058,6347,'2018-19',27),(1,2,1000231,6347,'2018-19',0),(1,201,34802,6347,'2018-19',27),(1,202,1000058,6347,'2018-19',27),(1,203,1000058,6347,'2018-19',27),(1,90,1000053,6347,'2018-19',18),(1,90,1000058,6347,'2018-19',9),(1,901,1000053,6347,'2018-19',18),(1,901,1000058,6347,'2018-19',9),(1,902,1000053,6347,'2018-19',18),(1,902,1000058,6347,'2018-19',9),(1,1,1000656,6345,'2018-19',27),(1,101,1000656,6345,'2018-19',27),(1,102,1000656,6345,'2018-19',27),(1,103,1000656,6345,'2018-19',27),(1,2,1000634,6345,'2018-19',27),(1,2,1000656,6345,'2018-19',0),(1,201,1000656,6345,'2018-19',27),(1,202,1000634,6345,'2018-19',27),(1,203,1000656,6345,'2018-19',0),(1,90,28423,6345,'2018-19',0),(1,90,100946,6345,'2018-19',27),(1,901,28423,6345,'2018-19',27),(1,902,28423,6345,'2018-19',27),(1,1,49086,6344,'2018-19',13.5),(1,1,56942,6344,'2018-19',13.5),(1,101,49086,6344,'2018-19',13.5),(1,101,56942,6344,'2018-19',13.5),(1,102,49086,6344,'2018-19',13.5),(1,102,56942,6344,'2018-19',13.5),(1,103,49086,6344,'2018-19',13.5),(1,103,56942,6344,'2018-19',13.5),(1,2,49086,6344,'2018-19',13.5),(1,2,56942,6344,'2018-19',13.5),(1,201,49086,6344,'2018-19',13.5),(1,201,56942,6344,'2018-19',13.5),(1,202,49086,6344,'2018-19',13.5),(1,202,56942,6344,'2018-19',13.5),(1,203,49086,6344,'2018-19',13.5),(1,203,56942,6344,'2018-19',13.5),(1,90,49086,6344,'2018-19',13.5),(1,90,56942,6344,'2018-19',13.5),(1,901,49086,6344,'2018-19',13.5),(1,901,56942,6344,'2018-19',13.5),(1,902,49086,6344,'2018-19',13.5),(1,902,56942,6344,'2018-19',13.5),(1,1,1000363,6348,'2018-19',27),(1,101,1000363,6348,'2018-19',27),(1,102,1000363,6348,'2018-19',27),(1,103,1000363,6348,'2018-19',27),(1,104,0,6348,'2018-19',NULL),(1,2,1000363,6348,'2018-19',27),(1,201,1000363,6348,'2018-19',27),(1,202,1000363,6348,'2018-19',27),(1,203,1000363,6348,'2018-19',27),(1,90,1000363,6348,'2018-19',27),(1,901,1000363,6348,'2018-19',27),(1,902,1000363,6348,'2018-19',27),(1,1,74642,6346,'2018-19',0),(1,1,1004836,6346,'2018-19',0),(1,1,1013983,6346,'2018-19',27),(1,101,1013983,6346,'2018-19',27),(1,102,1013983,6346,'2018-19',27),(1,103,74642,6346,'2018-19',27),(1,2,74642,6346,'2018-19',27),(1,2,1004836,6346,'2018-19',0),(1,201,1004836,6346,'2018-19',27),(1,202,74642,6346,'2018-19',27),(1,203,1004836,6346,'2018-19',27),(1,90,74642,6346,'2018-19',0),(1,90,90225,6346,'2018-19',27),(1,901,74642,6346,'2018-19',10),(1,901,90225,6346,'2018-19',17),(1,902,74642,6346,'2018-19',10),(1,902,90225,6346,'2018-19',17),(1,1,52186,6351,'2018-19',9),(1,1,74642,6351,'2018-19',18),(1,1,84218,6351,'2018-19',0),(1,1,1013983,6351,'2018-19',0),(1,101,74642,6351,'2018-19',27),(1,102,84218,6351,'2018-19',27),(1,103,52186,6351,'2018-19',27),(1,2,52186,6351,'2018-19',0),(1,2,74642,6351,'2018-19',0),(1,2,84218,6351,'2018-19',0),(1,2,1013983,6351,'2018-19',27),(1,201,1013983,6351,'2018-19',27),(1,202,1013983,6351,'2018-19',27),(1,203,1013983,6351,'2018-19',27),(1,204,84218,6351,'2018-19',27),(1,90,74642,6351,'2018-19',0),(1,90,90225,6351,'2018-19',27),(1,901,74642,6351,'2018-19',10),(1,901,90225,6351,'2018-19',17),(1,902,74642,6351,'2018-19',10),(1,902,90225,6351,'2018-19',17),(1,1,5620,6349,'2018-19',27),(1,101,5620,6349,'2018-19',27),(1,102,5620,6349,'2018-19',27),(1,103,5620,6349,'2018-19',27),(1,2,5679,6349,'2018-19',0),(1,2,92704,6349,'2018-19',0),(1,2,1016152,6349,'2018-19',27),(1,201,5679,6349,'2018-19',27),(1,202,92704,6349,'2018-19',27),(1,203,1016152,6349,'2018-19',27),(1,90,5679,6349,'2018-19',27),(1,901,5679,6349,'2018-19',27),(1,902,1009642,6349,'2018-19',27),(1,1,24202,6353,'2018-19',0),(1,1,1000505,6353,'2018-19',27),(1,1,1000637,6353,'2018-19',0),(1,1,1009788,6353,'2018-19',0),(1,101,1000637,6353,'2018-19',27),(1,102,1000637,6353,'2018-19',27),(1,103,1009788,6353,'2018-19',27),(1,2,24202,6353,'2018-19',0),(1,2,1000505,6353,'2018-19',27),(1,2,1009788,6353,'2018-19',0),(1,201,1009788,6353,'2018-19',27),(1,202,1000505,6353,'2018-19',27),(1,203,1000505,6353,'2018-19',18),(1,203,1009788,6353,'2018-19',9),(1,204,24202,6353,'2018-19',27),(1,90,24202,6353,'2018-19',27),(1,90,1000505,6353,'2018-19',0),(1,901,24202,6353,'2018-19',27),(1,902,24202,6353,'2018-19',27),(1,1,1000219,6350,'2018-19',0),(1,1,1000368,6350,'2018-19',0),(1,1,1000432,6350,'2018-19',27),(1,1,1000653,6350,'2018-19',0),(1,101,1000432,6350,'2018-19',27),(1,102,1000432,6350,'2018-19',27),(1,103,1000219,6350,'2018-19',27),(1,2,1000219,6350,'2018-19',0),(1,2,1000368,6350,'2018-19',0),(1,2,1000432,6350,'2018-19',27),(1,2,1000653,6350,'2018-19',0),(1,201,1000653,6350,'2018-19',27),(1,202,1000368,6350,'2018-19',27),(1,203,0,6350,'2018-19',NULL),(1,90,28423,6350,'2018-19',27),(1,901,28423,6350,'2018-19',27),(1,902,28423,6350,'2018-19',27),(1,1,11045,6352,'2018-19',27),(1,101,11045,6352,'2018-19',27),(1,102,11045,6352,'2018-19',27),(1,103,11045,6352,'2018-19',27),(1,2,11045,6352,'2018-19',27),(1,201,11045,6352,'2018-19',27),(1,202,11045,6352,'2018-19',27),(1,203,0,6352,'2018-19',NULL),(1,90,60856,6352,'2018-19',27),(1,901,60856,6352,'2018-19',27),(1,902,60856,6352,'2018-19',27),(1,1,100946,6355,'2018-19',27),(1,101,100946,6355,'2018-19',27),(1,102,100946,6355,'2018-19',27),(1,103,100946,6355,'2018-19',27),(1,104,0,6355,'2018-19',NULL),(1,90,100946,6355,'2018-19',27),(1,901,100946,6355,'2018-19',27),(1,1,29395,6358,'2018-19',27),(1,101,29395,6358,'2018-19',27),(1,102,29395,6358,'2018-19',27),(1,103,29395,6358,'2018-19',27),(1,104,29395,6358,'2018-19',27),(1,90,29395,6358,'2018-19',27),(1,901,29395,6358,'2018-19',27),(1,1,55146,6357,'2018-19',27),(1,101,55146,6357,'2018-19',27),(1,102,55146,6357,'2018-19',27),(1,103,55146,6357,'2018-19',27),(1,104,55146,6357,'2018-19',27),(1,90,35796,6357,'2018-19',27),(1,901,35796,6357,'2018-19',27),(1,1,1000287,6354,'2018-19',27),(1,101,1000287,6354,'2018-19',27),(1,102,1000287,6354,'2018-19',27),(1,103,1000287,6354,'2018-19',27),(1,104,1000287,6354,'2018-19',27),(1,90,1000287,6354,'2018-19',27),(1,901,1000287,6354,'2018-19',27),(1,1,48887,6356,'2018-19',0),(1,1,1000942,6356,'2018-19',27),(1,101,48887,6356,'2018-19',27),(1,102,1000942,6356,'2018-19',27),(1,103,1000942,6356,'2018-19',27),(1,90,48887,6356,'2018-19',27),(1,901,48887,6356,'2018-19',27),(1,1,48887,6363,'2018-19',0),(1,1,1000942,6363,'2018-19',27),(1,1,1015483,6363,'2018-19',0),(1,101,48887,6363,'2018-19',27),(1,102,48887,6363,'2018-19',15),(1,102,1015278,6363,'2018-19',12),(1,103,1015278,6363,'2018-19',27),(1,90,48887,6363,'2018-19',27),(1,901,48887,6363,'2018-19',27),(1,1,24173,6360,'2018-19',13.5),(1,1,43447,6360,'2018-19',0),(1,1,1000333,6360,'2018-19',13.5),(1,101,43447,6360,'2018-19',27),(1,102,43447,6360,'2018-19',13.5),(1,102,1000333,6360,'2018-19',13.5),(1,103,24173,6360,'2018-19',13.5),(1,103,1000333,6360,'2018-19',13.5),(1,90,24173,6360,'2018-19',13.5),(1,90,1000333,6360,'2018-19',13.5),(1,901,24173,6360,'2018-19',13.5),(1,901,1000333,6360,'2018-19',13.5),(1,1,40089,6359,'2018-19',0),(1,1,1015494,6359,'2018-19',0),(1,101,40089,6359,'2018-19',27),(1,102,40089,6359,'2018-19',27),(1,103,1015494,6359,'2018-19',27),(1,104,1015494,6359,'2018-19',27),(1,90,40089,6359,'2018-19',0),(1,90,74642,6359,'2018-19',0),(1,90,1000466,6359,'2018-19',27),(1,901,74642,6359,'2018-19',27),(1,1,39809,6361,'2018-19',0),(1,1,1008327,6361,'2018-19',0),(1,1,1015278,6361,'2018-19',27),(1,101,1008327,6361,'2018-19',27),(1,102,1008327,6361,'2018-19',27),(1,103,1008327,6361,'2018-19',27),(1,90,39809,6361,'2018-19',27),(1,901,39809,6361,'2018-19',27),(1,1,14906,6362,'2018-19',27),(1,101,14906,6362,'2018-19',27),(1,102,14906,6362,'2018-19',27),(1,103,14906,6362,'2018-19',27),(1,90,14906,6362,'2018-19',27),(1,901,14906,6362,'2018-19',27),(1,1,1000437,6367,'2018-19',0),(1,1,1000505,6367,'2018-19',27),(1,101,1000437,6367,'2018-19',27),(1,102,1000437,6367,'2018-19',27),(1,90,1000505,6367,'2018-19',27),(1,901,1000505,6367,'2018-19',27),(1,1,11045,6364,'2018-19',27),(1,1,29395,6364,'2018-19',0),(1,101,11045,6364,'2018-19',27),(1,102,29395,6364,'2018-19',27),(1,90,1000235,6364,'2018-19',27),(1,901,1000235,6364,'2018-19',27),(1,1,53453,6368,'2018-19',0),(1,1,1000152,6368,'2018-19',27),(1,101,53453,6368,'2018-19',27),(1,102,53453,6368,'2018-19',27),(1,90,53453,6368,'2018-19',0),(1,90,1000152,6368,'2018-19',27),(1,901,53453,6368,'2018-19',27),(1,1,63766,6366,'2018-19',13.5),(1,1,1000412,6366,'2018-19',13.5),(1,101,63766,6366,'2018-19',13.5),(1,101,1000412,6366,'2018-19',13.5),(1,102,63766,6366,'2018-19',13.5),(1,102,1000412,6366,'2018-19',13.5),(1,90,63766,6366,'2018-19',13.5),(1,90,1000412,6366,'2018-19',13.5),(1,901,63766,6366,'2018-19',13.5),(1,901,1000412,6366,'2018-19',13.5),(1,1,55897,6365,'2018-19',27),(1,1,1000152,6365,'2018-19',0),(1,101,55897,6365,'2018-19',27),(1,102,55897,6365,'2018-19',27),(1,90,53453,6365,'2018-19',27),(1,90,55897,6365,'2018-19',0),(1,90,1000152,6365,'2018-19',0),(1,901,53453,6365,'2018-19',27),(1,1,1000437,6370,'2018-19',0),(1,1,1000505,6370,'2018-19',27),(1,101,1000437,6370,'2018-19',27),(1,102,1000437,6370,'2018-19',27),(1,90,1000505,6370,'2018-19',27),(1,901,1000505,6370,'2018-19',27),(1,1,43447,6369,'2018-19',13.5),(1,1,1000412,6369,'2018-19',0),(1,1,1014514,6369,'2018-19',0),(1,1,1015226,6369,'2018-19',13.5),(1,101,43447,6369,'2018-19',13.5),(1,101,1014514,6369,'2018-19',13.5),(1,102,43447,6369,'2018-19',13.5),(1,102,1014514,6369,'2018-19',13.5),(1,90,43447,6369,'2018-19',13.5),(1,90,1000412,6369,'2018-19',13.5),(1,90,1015226,6369,'2018-19',0),(1,901,43447,6369,'2018-19',13.5),(1,901,1015226,6369,'2018-19',13.5),(1,1,46290,6373,'2018-19',27),(1,101,46290,6373,'2018-19',27),(1,102,46290,6373,'2018-19',27),(1,90,46290,6373,'2018-19',27),(1,901,46290,6373,'2018-19',27),(1,1,1000466,6372,'2018-19',27),(1,1,1000637,6372,'2018-19',0),(1,101,1000466,6372,'2018-19',0),(1,101,1000637,6372,'2018-19',27),(1,102,1000466,6372,'2018-19',0),(1,102,1000637,6372,'2018-19',27),(1,90,1000466,6372,'2018-19',27),(1,901,1000637,6372,'2018-19',27),(1,1,55146,6371,'2018-19',13.5),(1,1,1000287,6371,'2018-19',13.5),(1,101,55146,6371,'2018-19',13.5),(1,101,1000287,6371,'2018-19',13.5),(1,102,55146,6371,'2018-19',13.5),(1,102,1000287,6371,'2018-19',13.5),(1,90,1000287,6371,'2018-19',13.5),(1,90,1004835,6371,'2018-19',13.5),(1,901,1000287,6371,'2018-19',13.5),(1,901,1004835,6371,'2018-19',13.5),(1,1,48887,6391,'2018-19',3.69),(1,1,55897,6391,'2018-19',1),(1,1,74642,6391,'2018-19',10.08),(1,1,1000152,6391,'2018-19',1.84),(1,1,1000287,6391,'2018-19',5.54),(1,1,1000412,6391,'2018-19',13.77),(1,2,11045,6391,'2018-19',9),(1,2,29395,6391,'2018-19',18),(1,2,39809,6391,'2018-19',3.74),(1,2,40089,6391,'2018-19',9.27),(1,2,46455,6391,'2018-19',3.69),(1,2,48887,6391,'2018-19',3.69),(1,2,52186,6391,'2018-19',34.82),(1,2,53453,6391,'2018-19',13.1),(1,2,55897,6391,'2018-19',43.31),(1,2,63766,6391,'2018-19',3.78),(1,2,74642,6391,'2018-19',25.65),(1,2,1000287,6391,'2018-19',5.58),(1,2,1000333,6391,'2018-19',5.94),(1,2,1000412,6391,'2018-19',25.65),(1,2,1000466,6391,'2018-19',1.84),(1,2,1000637,6391,'2018-19',3.69),(1,90,63766,6391,'2018-19',1),(1,90,74642,6391,'2018-19',1),(1,90,1000333,6391,'2018-19',1),(1,90,1000412,6391,'2018-19',13.5),(1,91,29395,6391,'2018-19',13),(1,91,63766,6391,'2018-19',1),(1,91,74642,6391,'2018-19',1),(1,91,1000333,6391,'2018-19',9),(1,91,1000412,6391,'2018-19',13.5),(1,1,24173,6374,'2018-19',0),(1,101,0,6374,'2018-19',NULL),(1,1,46161,6379,'2018-19',13.5),(1,1,63766,6379,'2018-19',13.5),(1,1,72176,6379,'2018-19',0),(1,101,63766,6379,'2018-19',13.5),(1,101,72176,6379,'2018-19',13.5),(1,90,46161,6379,'2018-19',0),(1,90,57862,6379,'2018-19',40.5),(1,90,63766,6379,'2018-19',0),(1,901,46161,6379,'2018-19',6.75),(1,901,57862,6379,'2018-19',27),(1,901,63766,6379,'2018-19',6.75),(1,1,29395,6381,'2018-19',27),(1,101,29395,6381,'2018-19',27),(1,1,46455,6376,'2018-19',26),(1,1,74642,6376,'2018-19',1),(1,101,46455,6376,'2018-19',27),(1,90,46455,6376,'2018-19',39),(1,90,74642,6376,'2018-19',1.5),(1,901,46455,6376,'2018-19',40.5),(1,1,74916,6375,'2018-19',27),(1,101,74916,6375,'2018-19',27),(1,1,0,6383,'2018-19',NULL),(1,101,0,6383,'2018-19',NULL),(1,1,63766,6377,'2018-19',27),(1,1,72176,6377,'2018-19',0),(1,101,63766,6377,'2018-19',13.5),(1,101,72176,6377,'2018-19',13.5),(1,90,57862,6377,'2018-19',36),(1,90,63766,6377,'2018-19',4.5),(1,901,57862,6377,'2018-19',36),(1,901,63766,6377,'2018-19',4.5),(1,1,39809,6382,'2018-19',13.5),(1,1,40089,6382,'2018-19',13.5),(1,101,39809,6382,'2018-19',13.5),(1,101,40089,6382,'2018-19',13.5),(1,90,39809,6382,'2018-19',20.25),(1,90,40089,6382,'2018-19',20.25),(1,901,39809,6382,'2018-19',20.25),(1,901,40089,6382,'2018-19',20.25),(1,1,40816,6378,'2018-19',27),(1,1,1000412,6378,'2018-19',0),(1,101,40816,6378,'2018-19',27),(1,1,52186,6390,'2018-19',1),(1,2,52186,6390,'2018-19',1),(1,1,56881,6380,'2018-19',27),(1,101,56881,6380,'2018-19',27),(1,1,0,6386,'2018-19',NULL),(1,101,0,6386,'2018-19',NULL),(1,90,1000152,6386,'2018-19',0),(1,90,1000637,6386,'2018-19',0),(1,901,1000637,6386,'2018-19',0),(1,1,63766,6387,'2018-19',27),(1,1,72176,6387,'2018-19',0),(1,101,72176,6387,'2018-19',27),(1,90,57862,6387,'2018-19',36),(1,90,63766,6387,'2018-19',4.5),(1,901,57862,6387,'2018-19',36),(1,901,63766,6387,'2018-19',4.5),(1,1,55897,6388,'2018-19',0),(1,1,1000466,6388,'2018-19',27),(1,101,55897,6388,'2018-19',27),(1,90,55897,6388,'2018-19',0),(1,90,1000466,6388,'2018-19',40.5),(1,901,55897,6388,'2018-19',27),(1,1,40816,6389,'2018-19',0),(1,1,1000412,6389,'2018-19',0),(1,1,1014514,6389,'2018-19',27),(1,101,40816,6389,'2018-19',27),(1,90,1000412,6389,'2018-19',40.5),(1,901,1000412,6389,'2018-19',40.5),(1,1,13957,6384,'2018-19',0),(1,1,1000287,6384,'2018-19',0),(1,1,1015226,6384,'2018-19',27),(1,101,13957,6384,'2018-19',27),(1,90,13957,6384,'2018-19',13.5),(1,90,1000287,6384,'2018-19',27),(1,901,13957,6384,'2018-19',40.5),(1,1,72013,6385,'2018-19',27),(1,101,72013,6385,'2018-19',27),(1,90,0,6385,'2018-19',NULL),(1,901,0,6385,'2018-19',NULL),(1,1,34802,6347,'2018-19',0),(1,1,1000058,6347,'2018-19',0),(1,1,1000231,6347,'2018-19',27),(1,101,1000231,6347,'2018-19',27),(1,102,1000231,6347,'2018-19',27),(1,103,1000231,6347,'2018-19',27),(1,2,34802,6347,'2018-19',0),(1,2,1000058,6347,'2018-19',27),(1,2,1000231,6347,'2018-19',0),(1,201,34802,6347,'2018-19',27),(1,202,1000058,6347,'2018-19',27),(1,203,1000058,6347,'2018-19',27),(1,90,1000053,6347,'2018-19',18),(1,90,1000058,6347,'2018-19',9),(1,901,1000053,6347,'2018-19',18),(1,901,1000058,6347,'2018-19',9),(1,902,1000053,6347,'2018-19',18),(1,902,1000058,6347,'2018-19',9),(1,1,1000656,6345,'2018-19',27),(1,101,1000656,6345,'2018-19',27),(1,102,1000656,6345,'2018-19',27),(1,103,1000656,6345,'2018-19',27),(1,2,1000634,6345,'2018-19',27),(1,2,1000656,6345,'2018-19',0),(1,201,1000656,6345,'2018-19',27),(1,202,1000634,6345,'2018-19',27),(1,203,1000656,6345,'2018-19',0),(1,90,28423,6345,'2018-19',0),(1,90,100946,6345,'2018-19',27),(1,901,28423,6345,'2018-19',27),(1,902,28423,6345,'2018-19',27),(1,1,49086,6344,'2018-19',13.5),(1,1,56942,6344,'2018-19',13.5),(1,101,49086,6344,'2018-19',13.5),(1,101,56942,6344,'2018-19',13.5),(1,102,49086,6344,'2018-19',13.5),(1,102,56942,6344,'2018-19',13.5),(1,103,49086,6344,'2018-19',13.5),(1,103,56942,6344,'2018-19',13.5),(1,2,49086,6344,'2018-19',13.5),(1,2,56942,6344,'2018-19',13.5),(1,201,49086,6344,'2018-19',13.5),(1,201,56942,6344,'2018-19',13.5),(1,202,49086,6344,'2018-19',13.5),(1,202,56942,6344,'2018-19',13.5),(1,203,49086,6344,'2018-19',13.5),(1,203,56942,6344,'2018-19',13.5),(1,90,49086,6344,'2018-19',13.5),(1,90,56942,6344,'2018-19',13.5),(1,901,49086,6344,'2018-19',13.5),(1,901,56942,6344,'2018-19',13.5),(1,902,49086,6344,'2018-19',13.5),(1,902,56942,6344,'2018-19',13.5),(1,1,1000363,6348,'2018-19',27),(1,101,1000363,6348,'2018-19',27),(1,102,1000363,6348,'2018-19',27),(1,103,1000363,6348,'2018-19',27),(1,104,0,6348,'2018-19',NULL),(1,2,1000363,6348,'2018-19',27),(1,201,1000363,6348,'2018-19',27),(1,202,1000363,6348,'2018-19',27),(1,203,1000363,6348,'2018-19',27),(1,90,1000363,6348,'2018-19',27),(1,901,1000363,6348,'2018-19',27),(1,902,1000363,6348,'2018-19',27),(1,1,74642,6346,'2018-19',0),(1,1,1004836,6346,'2018-19',0),(1,1,1013983,6346,'2018-19',27),(1,101,1013983,6346,'2018-19',27),(1,102,1013983,6346,'2018-19',27),(1,103,74642,6346,'2018-19',27),(1,2,74642,6346,'2018-19',27),(1,2,1004836,6346,'2018-19',0),(1,201,1004836,6346,'2018-19',27),(1,202,74642,6346,'2018-19',27),(1,203,1004836,6346,'2018-19',27),(1,90,74642,6346,'2018-19',0),(1,90,90225,6346,'2018-19',27),(1,901,74642,6346,'2018-19',10),(1,901,90225,6346,'2018-19',17),(1,902,74642,6346,'2018-19',10),(1,902,90225,6346,'2018-19',17),(1,1,52186,6351,'2018-19',9),(1,1,74642,6351,'2018-19',18),(1,1,84218,6351,'2018-19',0),(1,1,1013983,6351,'2018-19',0),(1,101,74642,6351,'2018-19',27),(1,102,84218,6351,'2018-19',27),(1,103,52186,6351,'2018-19',27),(1,2,52186,6351,'2018-19',0),(1,2,74642,6351,'2018-19',0),(1,2,84218,6351,'2018-19',0),(1,2,1013983,6351,'2018-19',27),(1,201,1013983,6351,'2018-19',27),(1,202,1013983,6351,'2018-19',27),(1,203,1013983,6351,'2018-19',27),(1,204,84218,6351,'2018-19',27),(1,90,74642,6351,'2018-19',0),(1,90,90225,6351,'2018-19',27),(1,901,74642,6351,'2018-19',10),(1,901,90225,6351,'2018-19',17),(1,902,74642,6351,'2018-19',10),(1,902,90225,6351,'2018-19',17),(1,1,5620,6349,'2018-19',27),(1,101,5620,6349,'2018-19',27),(1,102,5620,6349,'2018-19',27),(1,103,5620,6349,'2018-19',27),(1,2,5679,6349,'2018-19',0),(1,2,92704,6349,'2018-19',0),(1,2,1016152,6349,'2018-19',27),(1,201,5679,6349,'2018-19',27),(1,202,92704,6349,'2018-19',27),(1,203,1016152,6349,'2018-19',27),(1,90,5679,6349,'2018-19',27),(1,901,5679,6349,'2018-19',27),(1,902,1009642,6349,'2018-19',27),(1,1,24202,6353,'2018-19',0),(1,1,1000505,6353,'2018-19',27),(1,1,1000637,6353,'2018-19',0),(1,1,1009788,6353,'2018-19',0),(1,101,1000637,6353,'2018-19',27),(1,102,1000637,6353,'2018-19',27),(1,103,1009788,6353,'2018-19',27),(1,2,24202,6353,'2018-19',0),(1,2,1000505,6353,'2018-19',27),(1,2,1009788,6353,'2018-19',0),(1,201,1009788,6353,'2018-19',27),(1,202,1000505,6353,'2018-19',27),(1,203,1000505,6353,'2018-19',18),(1,203,1009788,6353,'2018-19',9),(1,204,24202,6353,'2018-19',27),(1,90,24202,6353,'2018-19',27),(1,90,1000505,6353,'2018-19',0),(1,901,24202,6353,'2018-19',27),(1,902,24202,6353,'2018-19',27),(1,1,1000219,6350,'2018-19',0),(1,1,1000368,6350,'2018-19',0),(1,1,1000432,6350,'2018-19',27),(1,1,1000653,6350,'2018-19',0),(1,101,1000432,6350,'2018-19',27),(1,102,1000432,6350,'2018-19',27),(1,103,1000219,6350,'2018-19',27),(1,2,1000219,6350,'2018-19',0),(1,2,1000368,6350,'2018-19',0),(1,2,1000432,6350,'2018-19',27),(1,2,1000653,6350,'2018-19',0),(1,201,1000653,6350,'2018-19',27),(1,202,1000368,6350,'2018-19',27),(1,203,0,6350,'2018-19',NULL),(1,90,28423,6350,'2018-19',27),(1,901,28423,6350,'2018-19',27),(1,902,28423,6350,'2018-19',27),(1,1,11045,6352,'2018-19',27),(1,101,11045,6352,'2018-19',27),(1,102,11045,6352,'2018-19',27),(1,103,11045,6352,'2018-19',27),(1,2,11045,6352,'2018-19',27),(1,201,11045,6352,'2018-19',27),(1,202,11045,6352,'2018-19',27),(1,203,0,6352,'2018-19',NULL),(1,90,60856,6352,'2018-19',27),(1,901,60856,6352,'2018-19',27),(1,902,60856,6352,'2018-19',27),(1,1,100946,6355,'2018-19',27),(1,101,100946,6355,'2018-19',27),(1,102,100946,6355,'2018-19',27),(1,103,100946,6355,'2018-19',27),(1,104,0,6355,'2018-19',NULL),(1,90,100946,6355,'2018-19',27),(1,901,100946,6355,'2018-19',27),(1,1,29395,6358,'2018-19',27),(1,101,29395,6358,'2018-19',27),(1,102,29395,6358,'2018-19',27),(1,103,29395,6358,'2018-19',27),(1,104,29395,6358,'2018-19',27),(1,90,29395,6358,'2018-19',27),(1,901,29395,6358,'2018-19',27),(1,1,55146,6357,'2018-19',27),(1,101,55146,6357,'2018-19',27),(1,102,55146,6357,'2018-19',27),(1,103,55146,6357,'2018-19',27),(1,104,55146,6357,'2018-19',27),(1,90,35796,6357,'2018-19',27),(1,901,35796,6357,'2018-19',27),(1,1,1000287,6354,'2018-19',27),(1,101,1000287,6354,'2018-19',27),(1,102,1000287,6354,'2018-19',27),(1,103,1000287,6354,'2018-19',27),(1,104,1000287,6354,'2018-19',27),(1,90,1000287,6354,'2018-19',27),(1,901,1000287,6354,'2018-19',27),(1,1,48887,6356,'2018-19',0),(1,1,1000942,6356,'2018-19',27),(1,101,48887,6356,'2018-19',27),(1,102,1000942,6356,'2018-19',27),(1,103,1000942,6356,'2018-19',27),(1,90,48887,6356,'2018-19',27),(1,901,48887,6356,'2018-19',27),(1,1,48887,6363,'2018-19',0),(1,1,1000942,6363,'2018-19',27),(1,1,1015483,6363,'2018-19',0),(1,101,48887,6363,'2018-19',27),(1,102,48887,6363,'2018-19',15),(1,102,1015278,6363,'2018-19',12),(1,103,1015278,6363,'2018-19',27),(1,90,48887,6363,'2018-19',27),(1,901,48887,6363,'2018-19',27),(1,1,24173,6360,'2018-19',13.5),(1,1,43447,6360,'2018-19',0),(1,1,1000333,6360,'2018-19',13.5),(1,101,43447,6360,'2018-19',27),(1,102,43447,6360,'2018-19',13.5),(1,102,1000333,6360,'2018-19',13.5),(1,103,24173,6360,'2018-19',13.5),(1,103,1000333,6360,'2018-19',13.5),(1,90,24173,6360,'2018-19',13.5),(1,90,1000333,6360,'2018-19',13.5),(1,901,24173,6360,'2018-19',13.5),(1,901,1000333,6360,'2018-19',13.5),(1,1,40089,6359,'2018-19',0),(1,1,1015494,6359,'2018-19',0),(1,101,40089,6359,'2018-19',27),(1,102,40089,6359,'2018-19',27),(1,103,1015494,6359,'2018-19',27),(1,104,1015494,6359,'2018-19',27),(1,90,40089,6359,'2018-19',0),(1,90,74642,6359,'2018-19',0),(1,90,1000466,6359,'2018-19',27),(1,901,74642,6359,'2018-19',27),(1,1,39809,6361,'2018-19',0),(1,1,1008327,6361,'2018-19',0),(1,1,1015278,6361,'2018-19',27),(1,101,1008327,6361,'2018-19',27),(1,102,1008327,6361,'2018-19',27),(1,103,1008327,6361,'2018-19',27),(1,90,39809,6361,'2018-19',27),(1,901,39809,6361,'2018-19',27),(1,1,14906,6362,'2018-19',27),(1,101,14906,6362,'2018-19',27),(1,102,14906,6362,'2018-19',27),(1,103,14906,6362,'2018-19',27),(1,90,14906,6362,'2018-19',27),(1,901,14906,6362,'2018-19',27),(1,1,1000437,6367,'2018-19',0),(1,1,1000505,6367,'2018-19',27),(1,101,1000437,6367,'2018-19',27),(1,102,1000437,6367,'2018-19',27),(1,90,1000505,6367,'2018-19',27),(1,901,1000505,6367,'2018-19',27),(1,1,11045,6364,'2018-19',27),(1,1,29395,6364,'2018-19',0),(1,101,11045,6364,'2018-19',27),(1,102,29395,6364,'2018-19',27),(1,90,1000235,6364,'2018-19',27),(1,901,1000235,6364,'2018-19',27),(1,1,53453,6368,'2018-19',0),(1,1,1000152,6368,'2018-19',27),(1,101,53453,6368,'2018-19',27),(1,102,53453,6368,'2018-19',27),(1,90,53453,6368,'2018-19',0),(1,90,1000152,6368,'2018-19',27),(1,901,53453,6368,'2018-19',27),(1,1,63766,6366,'2018-19',13.5),(1,1,1000412,6366,'2018-19',13.5),(1,101,63766,6366,'2018-19',13.5),(1,101,1000412,6366,'2018-19',13.5),(1,102,63766,6366,'2018-19',13.5),(1,102,1000412,6366,'2018-19',13.5),(1,90,63766,6366,'2018-19',13.5),(1,90,1000412,6366,'2018-19',13.5),(1,901,63766,6366,'2018-19',13.5),(1,901,1000412,6366,'2018-19',13.5),(1,1,55897,6365,'2018-19',27),(1,1,1000152,6365,'2018-19',0),(1,101,55897,6365,'2018-19',27),(1,102,55897,6365,'2018-19',27),(1,90,53453,6365,'2018-19',27),(1,90,55897,6365,'2018-19',0),(1,90,1000152,6365,'2018-19',0),(1,901,53453,6365,'2018-19',27),(1,1,1000437,6370,'2018-19',0),(1,1,1000505,6370,'2018-19',27),(1,101,1000437,6370,'2018-19',27),(1,102,1000437,6370,'2018-19',27),(1,90,1000505,6370,'2018-19',27),(1,901,1000505,6370,'2018-19',27),(1,1,43447,6369,'2018-19',13.5),(1,1,1000412,6369,'2018-19',0),(1,1,1014514,6369,'2018-19',0),(1,1,1015226,6369,'2018-19',13.5),(1,101,43447,6369,'2018-19',13.5),(1,101,1014514,6369,'2018-19',13.5),(1,102,43447,6369,'2018-19',13.5),(1,102,1014514,6369,'2018-19',13.5),(1,90,43447,6369,'2018-19',13.5),(1,90,1000412,6369,'2018-19',13.5),(1,90,1015226,6369,'2018-19',0),(1,901,43447,6369,'2018-19',13.5),(1,901,1015226,6369,'2018-19',13.5),(1,1,46290,6373,'2018-19',27),(1,101,46290,6373,'2018-19',27),(1,102,46290,6373,'2018-19',27),(1,90,46290,6373,'2018-19',27),(1,901,46290,6373,'2018-19',27),(1,1,1000466,6372,'2018-19',27),(1,1,1000637,6372,'2018-19',0),(1,101,1000466,6372,'2018-19',0),(1,101,1000637,6372,'2018-19',27),(1,102,1000466,6372,'2018-19',0),(1,102,1000637,6372,'2018-19',27),(1,90,1000466,6372,'2018-19',27),(1,901,1000637,6372,'2018-19',27),(1,1,55146,6371,'2018-19',13.5),(1,1,1000287,6371,'2018-19',13.5),(1,101,55146,6371,'2018-19',13.5),(1,101,1000287,6371,'2018-19',13.5),(1,102,55146,6371,'2018-19',13.5),(1,102,1000287,6371,'2018-19',13.5),(1,90,1000287,6371,'2018-19',13.5),(1,90,1004835,6371,'2018-19',13.5),(1,901,1000287,6371,'2018-19',13.5),(1,901,1004835,6371,'2018-19',13.5),(1,1,48887,6391,'2018-19',3.69),(1,1,55897,6391,'2018-19',1),(1,1,74642,6391,'2018-19',10.08),(1,1,1000152,6391,'2018-19',1.84),(1,1,1000287,6391,'2018-19',5.54),(1,1,1000412,6391,'2018-19',13.77),(1,2,11045,6391,'2018-19',9),(1,2,29395,6391,'2018-19',18),(1,2,39809,6391,'2018-19',3.74),(1,2,40089,6391,'2018-19',9.27),(1,2,46455,6391,'2018-19',3.69),(1,2,48887,6391,'2018-19',3.69),(1,2,52186,6391,'2018-19',34.82),(1,2,53453,6391,'2018-19',13.1),(1,2,55897,6391,'2018-19',43.31),(1,2,63766,6391,'2018-19',3.78),(1,2,74642,6391,'2018-19',25.65),(1,2,1000287,6391,'2018-19',5.58),(1,2,1000333,6391,'2018-19',5.94),(1,2,1000412,6391,'2018-19',25.65),(1,2,1000466,6391,'2018-19',1.84),(1,2,1000637,6391,'2018-19',3.69),(1,90,63766,6391,'2018-19',1),(1,90,74642,6391,'2018-19',1),(1,90,1000333,6391,'2018-19',1),(1,90,1000412,6391,'2018-19',13.5),(1,91,29395,6391,'2018-19',13),(1,91,63766,6391,'2018-19',1),(1,91,74642,6391,'2018-19',1),(1,91,1000333,6391,'2018-19',9),(1,91,1000412,6391,'2018-19',13.5),(1,1,24173,6374,'2018-19',0),(1,101,0,6374,'2018-19',NULL),(1,1,46161,6379,'2018-19',13.5),(1,1,63766,6379,'2018-19',13.5),(1,1,72176,6379,'2018-19',0),(1,101,63766,6379,'2018-19',13.5),(1,101,72176,6379,'2018-19',13.5),(1,90,46161,6379,'2018-19',0),(1,90,57862,6379,'2018-19',40.5),(1,90,63766,6379,'2018-19',0),(1,901,46161,6379,'2018-19',6.75),(1,901,57862,6379,'2018-19',27),(1,901,63766,6379,'2018-19',6.75),(1,1,29395,6381,'2018-19',27),(1,101,29395,6381,'2018-19',27),(1,1,46455,6376,'2018-19',26),(1,1,74642,6376,'2018-19',1),(1,101,46455,6376,'2018-19',27),(1,90,46455,6376,'2018-19',39),(1,90,74642,6376,'2018-19',1.5),(1,901,46455,6376,'2018-19',40.5),(1,1,74916,6375,'2018-19',27),(1,101,74916,6375,'2018-19',27),(1,1,0,6383,'2018-19',NULL),(1,101,0,6383,'2018-19',NULL),(1,1,63766,6377,'2018-19',27),(1,1,72176,6377,'2018-19',0),(1,101,63766,6377,'2018-19',13.5),(1,101,72176,6377,'2018-19',13.5),(1,90,57862,6377,'2018-19',36),(1,90,63766,6377,'2018-19',4.5),(1,901,57862,6377,'2018-19',36),(1,901,63766,6377,'2018-19',4.5),(1,1,39809,6382,'2018-19',13.5),(1,1,40089,6382,'2018-19',13.5),(1,101,39809,6382,'2018-19',13.5),(1,101,40089,6382,'2018-19',13.5),(1,90,39809,6382,'2018-19',20.25),(1,90,40089,6382,'2018-19',20.25),(1,901,39809,6382,'2018-19',20.25),(1,901,40089,6382,'2018-19',20.25),(1,1,40816,6378,'2018-19',27),(1,1,1000412,6378,'2018-19',0),(1,101,40816,6378,'2018-19',27),(1,1,52186,6390,'2018-19',1),(1,2,52186,6390,'2018-19',1),(1,1,56881,6380,'2018-19',27),(1,101,56881,6380,'2018-19',27),(1,1,0,6386,'2018-19',NULL),(1,101,0,6386,'2018-19',NULL),(1,90,1000152,6386,'2018-19',0),(1,90,1000637,6386,'2018-19',0),(1,901,1000637,6386,'2018-19',0),(1,1,63766,6387,'2018-19',27),(1,1,72176,6387,'2018-19',0),(1,101,72176,6387,'2018-19',27),(1,90,57862,6387,'2018-19',36),(1,90,63766,6387,'2018-19',4.5),(1,901,57862,6387,'2018-19',36),(1,901,63766,6387,'2018-19',4.5),(1,1,55897,6388,'2018-19',0),(1,1,1000466,6388,'2018-19',27),(1,101,55897,6388,'2018-19',27),(1,90,55897,6388,'2018-19',0),(1,90,1000466,6388,'2018-19',40.5),(1,901,55897,6388,'2018-19',27),(1,1,40816,6389,'2018-19',0),(1,1,1000412,6389,'2018-19',0),(1,1,1014514,6389,'2018-19',27),(1,101,40816,6389,'2018-19',27),(1,90,1000412,6389,'2018-19',40.5),(1,901,1000412,6389,'2018-19',40.5),(1,1,13957,6384,'2018-19',0),(1,1,1000287,6384,'2018-19',0),(1,1,1015226,6384,'2018-19',27),(1,101,13957,6384,'2018-19',27),(1,90,13957,6384,'2018-19',13.5),(1,90,1000287,6384,'2018-19',27),(1,901,13957,6384,'2018-19',40.5),(1,1,72013,6385,'2018-19',27),(1,101,72013,6385,'2018-19',27),(1,90,0,6385,'2018-19',NULL),(1,901,0,6385,'2018-19',NULL);
/*!40000 ALTER TABLE `horas` ENABLE KEYS */;
UNLOCK TABLES;

--
-- Table structure for table `horas2`
--

DROP TABLE IF EXISTS `horas2`;
/*!40101 SET @saved_cs_client     = @@character_set_client */;
 SET character_set_client = utf8mb4 ;
CREATE TABLE `horas2` (
  `CA` int(11) DEFAULT NULL,
  `Asignatura` text,
  `Curso` int(11) DEFAULT NULL,
  `TpVp` text,
  `HDocAsig` double DEFAULT NULL,
  `HDocTipgr` double DEFAULT NULL,
  `TipDoc` int(11) DEFAULT NULL,
  `Grupo` int(11) DEFAULT NULL,
  `Cprof` int(11) DEFAULT NULL,
  `Profesor` text,
  `HProfGrup` double DEFAULT NULL,
  `Igrup` text,
  `Iprof` text,
  `Actas` text,
  `CDS` text,
  `Docencia` text,
  `Resp` text,
  `Macrogrupo` double DEFAULT NULL,
  `OfertaConjunta` double DEFAULT NULL,
  `CG` int(11) DEFAULT NULL,
  `Grado` text,
  `Año` text,
  `Fecha` text
) ENGINE=InnoDB DEFAULT CHARSET=utf8;
/*!40101 SET character_set_client = @saved_cs_client */;

--
-- Dumping data for table `horas2`
--

LOCK TABLES `horas2` WRITE;
/*!40000 ALTER TABLE `horas2` DISABLE KEYS */;
INSERT INTO `horas2` VALUES (6347,'FUNDAMENTOS FÍSICOS DE LA INFORMÁTICA',1,'SEMESTRE: 1',54,27,1,1,34802,'GARCIA REGUERA, Fernando Manuel',0,'Castellano','Castellano','N','S','N','N',NULL,NULL,1,'63 - GRADO EN INGENIERÍA INFORMÁTICA','2018-19','11/02/2019 11:41'),(6347,'FUNDAMENTOS FÍSICOS DE LA INFORMÁTICA',1,'SEMESTRE: 1',54,27,1,1,1000058,'BOL ARREBA, Alfredo',0,'Castellano','Castellano','N','S','N','N',NULL,NULL,1,'63 - GRADO EN INGENIERÍA INFORMÁTICA','2018-19','11/02/2019 11:41'),(6347,'FUNDAMENTOS FÍSICOS DE LA INFORMÁTICA',1,'SEMESTRE: 1',54,27,1,1,1000231,'CALVO RATHERT, Manuel',27,'Castellano','Castellano','S','S','S','S',NULL,NULL,1,'63 - GRADO EN INGENIERÍA INFORMÁTICA','2018-19','11/02/2019 11:41'),(6347,'FUNDAMENTOS FÍSICOS DE LA INFORMÁTICA',1,'SEMESTRE: 1',54,27,2,101,1000231,'CALVO RATHERT, Manuel',27,'Castellano','Castellano','S','S','S','S',NULL,NULL,1,'63 - GRADO EN INGENIERÍA INFORMÁTICA','2018-19','11/02/2019 11:41'),(6347,'FUNDAMENTOS FÍSICOS DE LA INFORMÁTICA',1,'SEMESTRE: 1',54,27,2,102,1000231,'CALVO RATHERT, Manuel',27,'Castellano','Castellano','S','S','S','S',NULL,NULL,1,'63 - GRADO EN INGENIERÍA INFORMÁTICA','2018-19','11/02/2019 11:41'),(6347,'FUNDAMENTOS FÍSICOS DE LA INFORMÁTICA',1,'SEMESTRE: 1',54,27,2,103,1000231,'CALVO RATHERT, Manuel',27,'Castellano','Castellano','S','S','S','S',NULL,NULL,1,'63 - GRADO EN INGENIERÍA INFORMÁTICA','2018-19','11/02/2019 11:41'),(6347,'FUNDAMENTOS FÍSICOS DE LA INFORMÁTICA',1,'SEMESTRE: 1',54,27,1,2,34802,'GARCIA REGUERA, Fernando Manuel',0,'Castellano','Castellano','N','S','N','N',NULL,NULL,1,'63 - GRADO EN INGENIERÍA INFORMÁTICA','2018-19','11/02/2019 11:41'),(6347,'FUNDAMENTOS FÍSICOS DE LA INFORMÁTICA',1,'SEMESTRE: 1',54,27,1,2,1000058,'BOL ARREBA, Alfredo',27,'Castellano','Castellano','S','S','S','S',NULL,NULL,1,'63 - GRADO EN INGENIERÍA INFORMÁTICA','2018-19','11/02/2019 11:41'),(6347,'FUNDAMENTOS FÍSICOS DE LA INFORMÁTICA',1,'SEMESTRE: 1',54,27,1,2,1000231,'CALVO RATHERT, Manuel',0,'Castellano','Castellano','N','S','N','N',NULL,NULL,1,'63 - GRADO EN INGENIERÍA INFORMÁTICA','2018-19','11/02/2019 11:41'),(6347,'FUNDAMENTOS FÍSICOS DE LA INFORMÁTICA',1,'SEMESTRE: 1',54,27,2,201,34802,'GARCIA REGUERA, Fernando Manuel',27,'Castellano','Castellano','N','S','S','N',NULL,NULL,1,'63 - GRADO EN INGENIERÍA INFORMÁTICA','2018-19','11/02/2019 11:41'),(6347,'FUNDAMENTOS FÍSICOS DE LA INFORMÁTICA',1,'SEMESTRE: 1',54,27,2,202,1000058,'BOL ARREBA, Alfredo',27,'Castellano','Castellano','S','S','S','S',NULL,NULL,1,'63 - GRADO EN INGENIERÍA INFORMÁTICA','2018-19','11/02/2019 11:41'),(6347,'FUNDAMENTOS FÍSICOS DE LA INFORMÁTICA',1,'SEMESTRE: 1',54,27,2,203,1000058,'BOL ARREBA, Alfredo',27,'Castellano','Castellano','N','S','S','N',NULL,NULL,1,'63 - GRADO EN INGENIERÍA INFORMÁTICA','2018-19','11/02/2019 11:41'),(6347,'FUNDAMENTOS FÍSICOS DE LA INFORMÁTICA',1,'SEMESTRE: 1',54,27,1,90,1000053,'BLANCO MONTENEGRO, Maria Isabel',18,'Castellano','Castellano','S','S','S','S',NULL,NULL,1,'63 - GRADO EN INGENIERÍA INFORMÁTICA','2018-19','11/02/2019 11:41'),(6347,'FUNDAMENTOS FÍSICOS DE LA INFORMÁTICA',1,'SEMESTRE: 1',54,27,1,90,1000058,'BOL ARREBA, Alfredo',9,'Castellano','Castellano','N','S','S','N',NULL,NULL,1,'63 - GRADO EN INGENIERÍA INFORMÁTICA','2018-19','11/02/2019 11:41'),(6347,'FUNDAMENTOS FÍSICOS DE LA INFORMÁTICA',1,'SEMESTRE: 1',54,27,2,901,1000053,'BLANCO MONTENEGRO, Maria Isabel',18,'Castellano','Castellano','S','S','S','S',NULL,NULL,1,'63 - GRADO EN INGENIERÍA INFORMÁTICA','2018-19','11/02/2019 11:41'),(6347,'FUNDAMENTOS FÍSICOS DE LA INFORMÁTICA',1,'SEMESTRE: 1',54,27,2,901,1000058,'BOL ARREBA, Alfredo',9,'Castellano','Castellano','N','S','S','N',NULL,NULL,1,'63 - GRADO EN INGENIERÍA INFORMÁTICA','2018-19','11/02/2019 11:41'),(6347,'FUNDAMENTOS FÍSICOS DE LA INFORMÁTICA',1,'SEMESTRE: 1',54,27,2,902,1000053,'BLANCO MONTENEGRO, Maria Isabel',18,'Castellano','Castellano','S','S','S','S',NULL,NULL,1,'63 - GRADO EN INGENIERÍA INFORMÁTICA','2018-19','11/02/2019 11:41'),(6347,'FUNDAMENTOS FÍSICOS DE LA INFORMÁTICA',1,'SEMESTRE: 1',54,27,2,902,1000058,'BOL ARREBA, Alfredo',9,'Castellano','Castellano','N','S','S','N',NULL,NULL,1,'63 - GRADO EN INGENIERÍA INFORMÁTICA','2018-19','11/02/2019 11:41'),(6345,'ÁLGEBRA LINEAL',1,'SEMESTRE: 1',54,27,1,1,1000656,'TORRES CABRERA, Maria Begoña',27,'Castellano','Castellano','S','S','S','S',NULL,NULL,1,'63 - GRADO EN INGENIERÍA INFORMÁTICA','2018-19','11/02/2019 11:41'),(6345,'ÁLGEBRA LINEAL',1,'SEMESTRE: 1',54,27,2,101,1000656,'TORRES CABRERA, Maria Begoña',27,'Castellano','Castellano','S','S','S','S',NULL,NULL,1,'63 - GRADO EN INGENIERÍA INFORMÁTICA','2018-19','11/02/2019 11:41'),(6345,'ÁLGEBRA LINEAL',1,'SEMESTRE: 1',54,27,2,102,1000656,'TORRES CABRERA, Maria Begoña',27,'Castellano','Castellano','S','S','S','S',NULL,NULL,1,'63 - GRADO EN INGENIERÍA INFORMÁTICA','2018-19','11/02/2019 11:41'),(6345,'ÁLGEBRA LINEAL',1,'SEMESTRE: 1',54,27,2,103,1000656,'TORRES CABRERA, Maria Begoña',27,'Castellano','Castellano','S','S','S','S',NULL,NULL,1,'63 - GRADO EN INGENIERÍA INFORMÁTICA','2018-19','11/02/2019 11:41'),(6345,'ÁLGEBRA LINEAL',1,'SEMESTRE: 1',54,27,1,2,1000634,'SEVILLA GALLO, Nuria',27,'Castellano','Castellano','S','S','S','S',NULL,NULL,1,'63 - GRADO EN INGENIERÍA INFORMÁTICA','2018-19','11/02/2019 11:41'),(6345,'ÁLGEBRA LINEAL',1,'SEMESTRE: 1',54,27,1,2,1000656,'TORRES CABRERA, Maria Begoña',0,'Castellano','Castellano','N','S','N','N',NULL,NULL,1,'63 - GRADO EN INGENIERÍA INFORMÁTICA','2018-19','11/02/2019 11:41'),(6345,'ÁLGEBRA LINEAL',1,'SEMESTRE: 1',54,27,2,201,1000656,'TORRES CABRERA, Maria Begoña',27,'Castellano','Castellano','S','S','S','S',NULL,NULL,1,'63 - GRADO EN INGENIERÍA INFORMÁTICA','2018-19','11/02/2019 11:41'),(6345,'ÁLGEBRA LINEAL',1,'SEMESTRE: 1',54,27,2,202,1000634,'SEVILLA GALLO, Nuria',27,'Castellano','Castellano','S','S','S','S',NULL,NULL,1,'63 - GRADO EN INGENIERÍA INFORMÁTICA','2018-19','11/02/2019 11:41'),(6345,'ÁLGEBRA LINEAL',1,'SEMESTRE: 1',54,27,2,203,1000656,'TORRES CABRERA, Maria Begoña',0,'Castellano','Castellano','N','S','N','N',NULL,NULL,1,'63 - GRADO EN INGENIERÍA INFORMÁTICA','2018-19','11/02/2019 11:41'),(6345,'ÁLGEBRA LINEAL',1,'SEMESTRE: 1',54,27,1,90,28423,'REGUERA LOPEZ, Nuria',0,'Castellano','Castellano','N','S','N','N',NULL,NULL,1,'63 - GRADO EN INGENIERÍA INFORMÁTICA','2018-19','11/02/2019 11:41'),(6345,'ÁLGEBRA LINEAL',1,'SEMESTRE: 1',54,27,1,90,100946,'LORENTE MARIN, Ana',27,'Castellano','Castellano','S','S','S','S',NULL,NULL,1,'63 - GRADO EN INGENIERÍA INFORMÁTICA','2018-19','11/02/2019 11:41'),(6345,'ÁLGEBRA LINEAL',1,'SEMESTRE: 1',54,27,2,901,28423,'REGUERA LOPEZ, Nuria',27,'Castellano','Castellano','S','S','S','S',NULL,NULL,1,'63 - GRADO EN INGENIERÍA INFORMÁTICA','2018-19','11/02/2019 11:41'),(6345,'ÁLGEBRA LINEAL',1,'SEMESTRE: 1',54,27,2,902,28423,'REGUERA LOPEZ, Nuria',27,'Castellano','Castellano','S','S','S','S',NULL,NULL,1,'63 - GRADO EN INGENIERÍA INFORMÁTICA','2018-19','11/02/2019 11:41'),(6344,'FUNDAMENTOS DEONTOLÓGICOS Y JURÍDICOS DE LAS TIC',1,'SEMESTRE: 1',54,27,1,1,49086,'LARA PALMA, Ana Maria',13.5,'Castellano','Castellano','S','S','S','S',NULL,NULL,1,'63 - GRADO EN INGENIERÍA INFORMÁTICA','2018-19','11/02/2019 11:41'),(6344,'FUNDAMENTOS DEONTOLÓGICOS Y JURÍDICOS DE LAS TIC',1,'SEMESTRE: 1',54,27,1,1,56942,'SANCHEZ SAIZ, Rosa Maria',13.5,'Castellano','Castellano','S','S','S','N',NULL,NULL,1,'63 - GRADO EN INGENIERÍA INFORMÁTICA','2018-19','11/02/2019 11:41'),(6344,'FUNDAMENTOS DEONTOLÓGICOS Y JURÍDICOS DE LAS TIC',1,'SEMESTRE: 1',54,27,2,101,49086,'LARA PALMA, Ana Maria',13.5,'Castellano','Castellano','N','S','S','N',NULL,NULL,1,'63 - GRADO EN INGENIERÍA INFORMÁTICA','2018-19','11/02/2019 11:41'),(6344,'FUNDAMENTOS DEONTOLÓGICOS Y JURÍDICOS DE LAS TIC',1,'SEMESTRE: 1',54,27,2,101,56942,'SANCHEZ SAIZ, Rosa Maria',13.5,'Castellano','Castellano','N','S','S','N',NULL,NULL,1,'63 - GRADO EN INGENIERÍA INFORMÁTICA','2018-19','11/02/2019 11:41'),(6344,'FUNDAMENTOS DEONTOLÓGICOS Y JURÍDICOS DE LAS TIC',1,'SEMESTRE: 1',54,27,2,102,49086,'LARA PALMA, Ana Maria',13.5,'Castellano','Castellano','N','S','S','N',NULL,NULL,1,'63 - GRADO EN INGENIERÍA INFORMÁTICA','2018-19','11/02/2019 11:41'),(6344,'FUNDAMENTOS DEONTOLÓGICOS Y JURÍDICOS DE LAS TIC',1,'SEMESTRE: 1',54,27,2,102,56942,'SANCHEZ SAIZ, Rosa Maria',13.5,'Castellano','Castellano','N','S','S','N',NULL,NULL,1,'63 - GRADO EN INGENIERÍA INFORMÁTICA','2018-19','11/02/2019 11:41'),(6344,'FUNDAMENTOS DEONTOLÓGICOS Y JURÍDICOS DE LAS TIC',1,'SEMESTRE: 1',54,27,2,103,49086,'LARA PALMA, Ana Maria',13.5,'Castellano','Castellano','N','S','S','N',NULL,NULL,1,'63 - GRADO EN INGENIERÍA INFORMÁTICA','2018-19','11/02/2019 11:41'),(6344,'FUNDAMENTOS DEONTOLÓGICOS Y JURÍDICOS DE LAS TIC',1,'SEMESTRE: 1',54,27,2,103,56942,'SANCHEZ SAIZ, Rosa Maria',13.5,'Castellano','Castellano','N','S','S','N',NULL,NULL,1,'63 - GRADO EN INGENIERÍA INFORMÁTICA','2018-19','11/02/2019 11:41'),(6344,'FUNDAMENTOS DEONTOLÓGICOS Y JURÍDICOS DE LAS TIC',1,'SEMESTRE: 1',54,27,1,2,49086,'LARA PALMA, Ana Maria',13.5,'Castellano','Castellano','S','S','S','S',NULL,NULL,1,'63 - GRADO EN INGENIERÍA INFORMÁTICA','2018-19','11/02/2019 11:41'),(6344,'FUNDAMENTOS DEONTOLÓGICOS Y JURÍDICOS DE LAS TIC',1,'SEMESTRE: 1',54,27,1,2,56942,'SANCHEZ SAIZ, Rosa Maria',13.5,'Castellano','Castellano','S','S','S','N',NULL,NULL,1,'63 - GRADO EN INGENIERÍA INFORMÁTICA','2018-19','11/02/2019 11:41'),(6344,'FUNDAMENTOS DEONTOLÓGICOS Y JURÍDICOS DE LAS TIC',1,'SEMESTRE: 1',54,27,2,201,49086,'LARA PALMA, Ana Maria',13.5,'Castellano','Castellano','N','S','S','N',NULL,NULL,1,'63 - GRADO EN INGENIERÍA INFORMÁTICA','2018-19','11/02/2019 11:41'),(6344,'FUNDAMENTOS DEONTOLÓGICOS Y JURÍDICOS DE LAS TIC',1,'SEMESTRE: 1',54,27,2,201,56942,'SANCHEZ SAIZ, Rosa Maria',13.5,'Castellano','Castellano','N','S','S','N',NULL,NULL,1,'63 - GRADO EN INGENIERÍA INFORMÁTICA','2018-19','11/02/2019 11:41'),(6344,'FUNDAMENTOS DEONTOLÓGICOS Y JURÍDICOS DE LAS TIC',1,'SEMESTRE: 1',54,27,2,202,49086,'LARA PALMA, Ana Maria',13.5,'Castellano','Castellano','N','S','S','N',NULL,NULL,1,'63 - GRADO EN INGENIERÍA INFORMÁTICA','2018-19','11/02/2019 11:41'),(6344,'FUNDAMENTOS DEONTOLÓGICOS Y JURÍDICOS DE LAS TIC',1,'SEMESTRE: 1',54,27,2,202,56942,'SANCHEZ SAIZ, Rosa Maria',13.5,'Castellano','Castellano','N','S','S','N',NULL,NULL,1,'63 - GRADO EN INGENIERÍA INFORMÁTICA','2018-19','11/02/2019 11:41'),(6344,'FUNDAMENTOS DEONTOLÓGICOS Y JURÍDICOS DE LAS TIC',1,'SEMESTRE: 1',54,27,2,203,49086,'LARA PALMA, Ana Maria',13.5,'Castellano','Castellano','N','S','S','N',NULL,NULL,1,'63 - GRADO EN INGENIERÍA INFORMÁTICA','2018-19','11/02/2019 11:41'),(6344,'FUNDAMENTOS DEONTOLÓGICOS Y JURÍDICOS DE LAS TIC',1,'SEMESTRE: 1',54,27,2,203,56942,'SANCHEZ SAIZ, Rosa Maria',13.5,'Castellano','Castellano','N','S','S','N',NULL,NULL,1,'63 - GRADO EN INGENIERÍA INFORMÁTICA','2018-19','11/02/2019 11:41'),(6344,'FUNDAMENTOS DEONTOLÓGICOS Y JURÍDICOS DE LAS TIC',1,'SEMESTRE: 1',54,27,1,90,49086,'LARA PALMA, Ana Maria',13.5,'Castellano','Castellano','S','S','S','S',NULL,NULL,1,'63 - GRADO EN INGENIERÍA INFORMÁTICA','2018-19','11/02/2019 11:41'),(6344,'FUNDAMENTOS DEONTOLÓGICOS Y JURÍDICOS DE LAS TIC',1,'SEMESTRE: 1',54,27,1,90,56942,'SANCHEZ SAIZ, Rosa Maria',13.5,'Castellano','Castellano','S','S','S','N',NULL,NULL,1,'63 - GRADO EN INGENIERÍA INFORMÁTICA','2018-19','11/02/2019 11:41'),(6344,'FUNDAMENTOS DEONTOLÓGICOS Y JURÍDICOS DE LAS TIC',1,'SEMESTRE: 1',54,27,2,901,49086,'LARA PALMA, Ana Maria',13.5,'Castellano','Castellano','N','S','S','N',NULL,NULL,1,'63 - GRADO EN INGENIERÍA INFORMÁTICA','2018-19','11/02/2019 11:41'),(6344,'FUNDAMENTOS DEONTOLÓGICOS Y JURÍDICOS DE LAS TIC',1,'SEMESTRE: 1',54,27,2,901,56942,'SANCHEZ SAIZ, Rosa Maria',13.5,'Castellano','Castellano','N','S','S','N',NULL,NULL,1,'63 - GRADO EN INGENIERÍA INFORMÁTICA','2018-19','11/02/2019 11:41'),(6344,'FUNDAMENTOS DEONTOLÓGICOS Y JURÍDICOS DE LAS TIC',1,'SEMESTRE: 1',54,27,2,902,49086,'LARA PALMA, Ana Maria',13.5,'Castellano','Castellano','N','S','S','N',NULL,NULL,1,'63 - GRADO EN INGENIERÍA INFORMÁTICA','2018-19','11/02/2019 11:41'),(6344,'FUNDAMENTOS DEONTOLÓGICOS Y JURÍDICOS DE LAS TIC',1,'SEMESTRE: 1',54,27,2,902,56942,'SANCHEZ SAIZ, Rosa Maria',13.5,'Castellano','Castellano','N','S','S','N',NULL,NULL,1,'63 - GRADO EN INGENIERÍA INFORMÁTICA','2018-19','11/02/2019 11:41'),(6348,'MATEMÁTICA DISCRETA',1,'SEMESTRE: 1',54,27,1,1,1000363,'HERAS GONZALEZ, Maria Pilar de las',27,'Castellano','Castellano','S','S','S','S',NULL,NULL,1,'63 - GRADO EN INGENIERÍA INFORMÁTICA','2018-19','11/02/2019 11:41'),(6348,'MATEMÁTICA DISCRETA',1,'SEMESTRE: 1',54,27,2,101,1000363,'HERAS GONZALEZ, Maria Pilar de las',27,'Castellano','Castellano','S','S','S','S',NULL,NULL,1,'63 - GRADO EN INGENIERÍA INFORMÁTICA','2018-19','11/02/2019 11:41'),(6348,'MATEMÁTICA DISCRETA',1,'SEMESTRE: 1',54,27,2,102,1000363,'HERAS GONZALEZ, Maria Pilar de las',27,'Castellano','Castellano','S','S','S','S',NULL,NULL,1,'63 - GRADO EN INGENIERÍA INFORMÁTICA','2018-19','11/02/2019 11:41'),(6348,'MATEMÁTICA DISCRETA',1,'SEMESTRE: 1',54,27,2,103,1000363,'HERAS GONZALEZ, Maria Pilar de las',27,'Castellano','Castellano','S','S','S','S',NULL,NULL,1,'63 - GRADO EN INGENIERÍA INFORMÁTICA','2018-19','11/02/2019 11:41'),(6348,'MATEMÁTICA DISCRETA',1,'SEMESTRE: 1',54,27,2,104,0,'Sin asignar',NULL,'Castellano','nan','nan','nan','nan','nan',NULL,NULL,1,'63 - GRADO EN INGENIERÍA INFORMÁTICA','2018-19','11/02/2019 11:41'),(6348,'MATEMÁTICA DISCRETA',1,'SEMESTRE: 1',54,27,1,2,1000363,'HERAS GONZALEZ, Maria Pilar de las',27,'Castellano','Castellano','S','S','S','S',NULL,NULL,1,'63 - GRADO EN INGENIERÍA INFORMÁTICA','2018-19','11/02/2019 11:41'),(6348,'MATEMÁTICA DISCRETA',1,'SEMESTRE: 1',54,27,2,201,1000363,'HERAS GONZALEZ, Maria Pilar de las',27,'Castellano','Castellano','S','S','S','S',NULL,NULL,1,'63 - GRADO EN INGENIERÍA INFORMÁTICA','2018-19','11/02/2019 11:41'),(6348,'MATEMÁTICA DISCRETA',1,'SEMESTRE: 1',54,27,2,202,1000363,'HERAS GONZALEZ, Maria Pilar de las',27,'Castellano','Castellano','S','S','S','S',NULL,NULL,1,'63 - GRADO EN INGENIERÍA INFORMÁTICA','2018-19','11/02/2019 11:41'),(6348,'MATEMÁTICA DISCRETA',1,'SEMESTRE: 1',54,27,2,203,1000363,'HERAS GONZALEZ, Maria Pilar de las',27,'Castellano','Castellano','N','S','S','N',NULL,NULL,1,'63 - GRADO EN INGENIERÍA INFORMÁTICA','2018-19','11/02/2019 11:41'),(6348,'MATEMÁTICA DISCRETA',1,'SEMESTRE: 1',54,27,1,90,1000363,'HERAS GONZALEZ, Maria Pilar de las',27,'Castellano','Castellano','S','S','S','S',NULL,NULL,1,'63 - GRADO EN INGENIERÍA INFORMÁTICA','2018-19','11/02/2019 11:41'),(6348,'MATEMÁTICA DISCRETA',1,'SEMESTRE: 1',54,27,2,901,1000363,'HERAS GONZALEZ, Maria Pilar de las',27,'Castellano','Castellano','S','S','S','N',NULL,NULL,1,'63 - GRADO EN INGENIERÍA INFORMÁTICA','2018-19','11/02/2019 11:41'),(6348,'MATEMÁTICA DISCRETA',1,'SEMESTRE: 1',54,27,2,902,1000363,'HERAS GONZALEZ, Maria Pilar de las',27,'Castellano','Castellano','S','S','S','S',NULL,NULL,1,'63 - GRADO EN INGENIERÍA INFORMÁTICA','2018-19','11/02/2019 11:41'),(6346,'INFORMÁTICA BÁSICA',1,'SEMESTRE: 1',54,27,1,1,74642,'PARDO AGUILAR, Carlos',0,'Castellano','Castellano','N','S','N','N',NULL,NULL,1,'63 - GRADO EN INGENIERÍA INFORMÁTICA','2018-19','11/02/2019 11:41'),(6346,'INFORMÁTICA BÁSICA',1,'SEMESTRE: 1',54,27,1,1,1004836,'RODRIGUEZ ARRIBAS, Sandra',0,'Castellano','Castellano','N','S','N','N',NULL,NULL,1,'63 - GRADO EN INGENIERÍA INFORMÁTICA','2018-19','11/02/2019 11:41'),(6346,'INFORMÁTICA BÁSICA',1,'SEMESTRE: 1',54,27,1,1,1013983,'RODRIGUEZ DIAZ, Francisco Javier',27,'Castellano','Castellano','S','S','S','S',NULL,NULL,1,'63 - GRADO EN INGENIERÍA INFORMÁTICA','2018-19','11/02/2019 11:41'),(6346,'INFORMÁTICA BÁSICA',1,'SEMESTRE: 1',54,27,2,101,1013983,'RODRIGUEZ DIAZ, Francisco Javier',27,'Castellano','Castellano','N','S','S','N',NULL,NULL,1,'63 - GRADO EN INGENIERÍA INFORMÁTICA','2018-19','11/02/2019 11:41'),(6346,'INFORMÁTICA BÁSICA',1,'SEMESTRE: 1',54,27,2,102,1013983,'RODRIGUEZ DIAZ, Francisco Javier',27,'Castellano','Castellano','N','S','S','N',NULL,NULL,1,'63 - GRADO EN INGENIERÍA INFORMÁTICA','2018-19','11/02/2019 11:41'),(6346,'INFORMÁTICA BÁSICA',1,'SEMESTRE: 1',54,27,2,103,74642,'PARDO AGUILAR, Carlos',27,'Castellano','Castellano','N','S','S','N',NULL,NULL,1,'63 - GRADO EN INGENIERÍA INFORMÁTICA','2018-19','11/02/2019 11:41'),(6346,'INFORMÁTICA BÁSICA',1,'SEMESTRE: 1',54,27,1,2,74642,'PARDO AGUILAR, Carlos',27,'Castellano','Castellano','S','S','S','S',NULL,NULL,1,'63 - GRADO EN INGENIERÍA INFORMÁTICA','2018-19','11/02/2019 11:41'),(6346,'INFORMÁTICA BÁSICA',1,'SEMESTRE: 1',54,27,1,2,1004836,'RODRIGUEZ ARRIBAS, Sandra',0,'Castellano','Castellano','N','S','N','N',NULL,NULL,1,'63 - GRADO EN INGENIERÍA INFORMÁTICA','2018-19','11/02/2019 11:41'),(6346,'INFORMÁTICA BÁSICA',1,'SEMESTRE: 1',54,27,2,201,1004836,'RODRIGUEZ ARRIBAS, Sandra',27,'Castellano','Castellano','N','S','S','N',NULL,NULL,1,'63 - GRADO EN INGENIERÍA INFORMÁTICA','2018-19','11/02/2019 11:41'),(6346,'INFORMÁTICA BÁSICA',1,'SEMESTRE: 1',54,27,2,202,74642,'PARDO AGUILAR, Carlos',27,'Castellano','Castellano','N','S','S','N',NULL,NULL,1,'63 - GRADO EN INGENIERÍA INFORMÁTICA','2018-19','11/02/2019 11:41'),(6346,'INFORMÁTICA BÁSICA',1,'SEMESTRE: 1',54,27,2,203,1004836,'RODRIGUEZ ARRIBAS, Sandra',27,'Castellano','Castellano','N','S','S','N',NULL,NULL,1,'63 - GRADO EN INGENIERÍA INFORMÁTICA','2018-19','11/02/2019 11:41'),(6346,'INFORMÁTICA BÁSICA',1,'SEMESTRE: 1',54,27,1,90,74642,'PARDO AGUILAR, Carlos',0,'Castellano','Castellano','S','S','N','S',NULL,NULL,1,'63 - GRADO EN INGENIERÍA INFORMÁTICA','2018-19','11/02/2019 11:41'),(6346,'INFORMÁTICA BÁSICA',1,'SEMESTRE: 1',54,27,1,90,90225,'GONZALEZ MOYA, Francisco Javier',27,'Castellano','Castellano','S','S','S','N',NULL,NULL,1,'63 - GRADO EN INGENIERÍA INFORMÁTICA','2018-19','11/02/2019 11:41'),(6346,'INFORMÁTICA BÁSICA',1,'SEMESTRE: 1',54,27,2,901,74642,'PARDO AGUILAR, Carlos',10,'Castellano','Castellano','N','S','S','N',NULL,NULL,1,'63 - GRADO EN INGENIERÍA INFORMÁTICA','2018-19','11/02/2019 11:41'),(6346,'INFORMÁTICA BÁSICA',1,'SEMESTRE: 1',54,27,2,901,90225,'GONZALEZ MOYA, Francisco Javier',17,'Castellano','Castellano','N','S','S','N',NULL,NULL,1,'63 - GRADO EN INGENIERÍA INFORMÁTICA','2018-19','11/02/2019 11:41'),(6346,'INFORMÁTICA BÁSICA',1,'SEMESTRE: 1',54,27,2,902,74642,'PARDO AGUILAR, Carlos',10,'Castellano','Castellano','N','S','S','N',NULL,NULL,1,'63 - GRADO EN INGENIERÍA INFORMÁTICA','2018-19','11/02/2019 11:41'),(6346,'INFORMÁTICA BÁSICA',1,'SEMESTRE: 1',54,27,2,902,90225,'GONZALEZ MOYA, Francisco Javier',17,'Castellano','Castellano','N','S','S','N',NULL,NULL,1,'63 - GRADO EN INGENIERÍA INFORMÁTICA','2018-19','11/02/2019 11:41'),(6351,'PROGRAMACIÓN',1,'SEMESTRE: 2',54,27,1,1,52186,'ARROYO PUENTE, Angel',9,'Castellano','Castellano','S','S','S','S',NULL,NULL,1,'63 - GRADO EN INGENIERÍA INFORMÁTICA','2018-19','11/02/2019 11:41'),(6351,'PROGRAMACIÓN',1,'SEMESTRE: 2',54,27,1,1,74642,'PARDO AGUILAR, Carlos',18,'Castellano','Castellano','N','S','S','N',NULL,NULL,1,'63 - GRADO EN INGENIERÍA INFORMÁTICA','2018-19','11/02/2019 11:41'),(6351,'PROGRAMACIÓN',1,'SEMESTRE: 2',54,27,1,1,84218,'JUEZ GIL, Mario',0,'Castellano','Castellano','N','S','N','N',NULL,NULL,1,'63 - GRADO EN INGENIERÍA INFORMÁTICA','2018-19','11/02/2019 11:41'),(6351,'PROGRAMACIÓN',1,'SEMESTRE: 2',54,27,1,1,1013983,'RODRIGUEZ DIAZ, Francisco Javier',0,'Castellano','Castellano','N','S','N','N',NULL,NULL,1,'63 - GRADO EN INGENIERÍA INFORMÁTICA','2018-19','11/02/2019 11:41'),(6351,'PROGRAMACIÓN',1,'SEMESTRE: 2',54,27,2,101,74642,'PARDO AGUILAR, Carlos',27,'Castellano','Castellano','N','S','S','N',NULL,NULL,1,'63 - GRADO EN INGENIERÍA INFORMÁTICA','2018-19','11/02/2019 11:41'),(6351,'PROGRAMACIÓN',1,'SEMESTRE: 2',54,27,2,102,84218,'JUEZ GIL, Mario',27,'Castellano','Castellano','N','S','S','N',NULL,NULL,1,'63 - GRADO EN INGENIERÍA INFORMÁTICA','2018-19','11/02/2019 11:41'),(6351,'PROGRAMACIÓN',1,'SEMESTRE: 2',54,27,2,103,52186,'ARROYO PUENTE, Angel',27,'Castellano','Castellano','N','S','S','N',NULL,NULL,1,'63 - GRADO EN INGENIERÍA INFORMÁTICA','2018-19','11/02/2019 11:41'),(6351,'PROGRAMACIÓN',1,'SEMESTRE: 2',54,27,1,2,52186,'ARROYO PUENTE, Angel',0,'Castellano','Castellano','N','S','N','N',NULL,NULL,1,'63 - GRADO EN INGENIERÍA INFORMÁTICA','2018-19','11/02/2019 11:41'),(6351,'PROGRAMACIÓN',1,'SEMESTRE: 2',54,27,1,2,74642,'PARDO AGUILAR, Carlos',0,'Castellano','Castellano','N','S','N','N',NULL,NULL,1,'63 - GRADO EN INGENIERÍA INFORMÁTICA','2018-19','11/02/2019 11:41'),(6351,'PROGRAMACIÓN',1,'SEMESTRE: 2',54,27,1,2,84218,'JUEZ GIL, Mario',0,'Castellano','Castellano','N','S','N','N',NULL,NULL,1,'63 - GRADO EN INGENIERÍA INFORMÁTICA','2018-19','11/02/2019 11:41'),(6351,'PROGRAMACIÓN',1,'SEMESTRE: 2',54,27,1,2,1013983,'RODRIGUEZ DIAZ, Francisco Javier',27,'Castellano','Castellano','S','S','S','N',NULL,NULL,1,'63 - GRADO EN INGENIERÍA INFORMÁTICA','2018-19','11/02/2019 11:41'),(6351,'PROGRAMACIÓN',1,'SEMESTRE: 2',54,27,2,201,1013983,'RODRIGUEZ DIAZ, Francisco Javier',27,'Castellano','Castellano','N','S','S','N',NULL,NULL,1,'63 - GRADO EN INGENIERÍA INFORMÁTICA','2018-19','11/02/2019 11:41'),(6351,'PROGRAMACIÓN',1,'SEMESTRE: 2',54,27,2,202,1013983,'RODRIGUEZ DIAZ, Francisco Javier',27,'Castellano','Castellano','N','S','S','N',NULL,NULL,1,'63 - GRADO EN INGENIERÍA INFORMÁTICA','2018-19','11/02/2019 11:41'),(6351,'PROGRAMACIÓN',1,'SEMESTRE: 2',54,27,2,203,1013983,'RODRIGUEZ DIAZ, Francisco Javier',27,'Castellano','Castellano','N','S','S','N',NULL,NULL,1,'63 - GRADO EN INGENIERÍA INFORMÁTICA','2018-19','11/02/2019 11:41'),(6351,'PROGRAMACIÓN',1,'SEMESTRE: 2',54,27,2,204,84218,'JUEZ GIL, Mario',27,'literal \' \' no encontrado','Completo','N','S','S','N',NULL,NULL,1,'63 - GRADO EN INGENIERÍA INFORMÁTICA','2018-19','11/02/2019 11:41'),(6351,'PROGRAMACIÓN',1,'SEMESTRE: 2',54,27,1,90,74642,'PARDO AGUILAR, Carlos',0,'Castellano','Castellano','N','S','N','N',NULL,NULL,1,'63 - GRADO EN INGENIERÍA INFORMÁTICA','2018-19','11/02/2019 11:41'),(6351,'PROGRAMACIÓN',1,'SEMESTRE: 2',54,27,1,90,90225,'GONZALEZ MOYA, Francisco Javier',27,'Castellano','Castellano','S','S','S','N',NULL,NULL,1,'63 - GRADO EN INGENIERÍA INFORMÁTICA','2018-19','11/02/2019 11:41'),(6351,'PROGRAMACIÓN',1,'SEMESTRE: 2',54,27,2,901,74642,'PARDO AGUILAR, Carlos',10,'Castellano','Completo','N','S','S','N',NULL,NULL,1,'63 - GRADO EN INGENIERÍA INFORMÁTICA','2018-19','11/02/2019 11:41'),(6351,'PROGRAMACIÓN',1,'SEMESTRE: 2',54,27,2,901,90225,'GONZALEZ MOYA, Francisco Javier',17,'Castellano','Completo','N','S','S','N',NULL,NULL,1,'63 - GRADO EN INGENIERÍA INFORMÁTICA','2018-19','11/02/2019 11:41'),(6351,'PROGRAMACIÓN',1,'SEMESTRE: 2',54,27,2,902,74642,'PARDO AGUILAR, Carlos',10,'Castellano','Castellano','N','S','S','N',NULL,NULL,1,'63 - GRADO EN INGENIERÍA INFORMÁTICA','2018-19','11/02/2019 11:41'),(6351,'PROGRAMACIÓN',1,'SEMESTRE: 2',54,27,2,902,90225,'GONZALEZ MOYA, Francisco Javier',17,'Castellano','Castellano','N','S','S','N',NULL,NULL,1,'63 - GRADO EN INGENIERÍA INFORMÁTICA','2018-19','11/02/2019 11:41'),(6349,'INGLÉS APLICADO A LA INFORMÁTICA',1,'SEMESTRE: 2',54,27,1,1,5620,'COSIDO GARCIA, Aranzazu Lucia',27,'Castellano','Castellano','S','S','S','S',NULL,NULL,1,'63 - GRADO EN INGENIERÍA INFORMÁTICA','2018-19','11/02/2019 11:41'),(6349,'INGLÉS APLICADO A LA INFORMÁTICA',1,'SEMESTRE: 2',54,27,2,101,5620,'COSIDO GARCIA, Aranzazu Lucia',27,'Castellano','Castellano','S','S','S','S',NULL,NULL,1,'63 - GRADO EN INGENIERÍA INFORMÁTICA','2018-19','11/02/2019 11:41'),(6349,'INGLÉS APLICADO A LA INFORMÁTICA',1,'SEMESTRE: 2',54,27,2,102,5620,'COSIDO GARCIA, Aranzazu Lucia',27,'Castellano','Castellano','S','S','S','S',NULL,NULL,1,'63 - GRADO EN INGENIERÍA INFORMÁTICA','2018-19','11/02/2019 11:41'),(6349,'INGLÉS APLICADO A LA INFORMÁTICA',1,'SEMESTRE: 2',54,27,2,103,5620,'COSIDO GARCIA, Aranzazu Lucia',27,'Castellano','Castellano','S','S','S','S',NULL,NULL,1,'63 - GRADO EN INGENIERÍA INFORMÁTICA','2018-19','11/02/2019 11:41'),(6349,'INGLÉS APLICADO A LA INFORMÁTICA',1,'SEMESTRE: 2',54,27,1,2,5679,'ARROYO LORENZO, David',0,'Castellano','Castellano','N','S','N','N',NULL,NULL,1,'63 - GRADO EN INGENIERÍA INFORMÁTICA','2018-19','11/02/2019 11:41'),(6349,'INGLÉS APLICADO A LA INFORMÁTICA',1,'SEMESTRE: 2',54,27,1,2,92704,'RUIZ GOMEZ, Lorena',0,'Castellano','Castellano','N','S','N','N',NULL,NULL,1,'63 - GRADO EN INGENIERÍA INFORMÁTICA','2018-19','11/02/2019 11:41'),(6349,'INGLÉS APLICADO A LA INFORMÁTICA',1,'SEMESTRE: 2',54,27,1,2,1016152,'SAEZ CUEVAS, Ana Maria',27,'Castellano','Castellano','S','S','S','S',NULL,NULL,1,'63 - GRADO EN INGENIERÍA INFORMÁTICA','2018-19','11/02/2019 11:41'),(6349,'INGLÉS APLICADO A LA INFORMÁTICA',1,'SEMESTRE: 2',54,27,2,201,5679,'ARROYO LORENZO, David',27,'Castellano','Castellano','N','S','S','N',NULL,NULL,1,'63 - GRADO EN INGENIERÍA INFORMÁTICA','2018-19','11/02/2019 11:41'),(6349,'INGLÉS APLICADO A LA INFORMÁTICA',1,'SEMESTRE: 2',54,27,2,202,92704,'RUIZ GOMEZ, Lorena',27,'Castellano','Castellano','N','S','S','N',NULL,NULL,1,'63 - GRADO EN INGENIERÍA INFORMÁTICA','2018-19','11/02/2019 11:41'),(6349,'INGLÉS APLICADO A LA INFORMÁTICA',1,'SEMESTRE: 2',54,27,2,203,1016152,'SAEZ CUEVAS, Ana Maria',27,'Castellano','Castellano','N','S','S','N',NULL,NULL,1,'63 - GRADO EN INGENIERÍA INFORMÁTICA','2018-19','11/02/2019 11:41'),(6349,'INGLÉS APLICADO A LA INFORMÁTICA',1,'SEMESTRE: 2',54,27,1,90,5679,'ARROYO LORENZO, David',27,'Castellano','Castellano','S','S','S','S',NULL,NULL,1,'63 - GRADO EN INGENIERÍA INFORMÁTICA','2018-19','11/02/2019 11:41'),(6349,'INGLÉS APLICADO A LA INFORMÁTICA',1,'SEMESTRE: 2',54,27,2,901,5679,'ARROYO LORENZO, David',27,'Castellano','Castellano','N','S','S','N',NULL,NULL,1,'63 - GRADO EN INGENIERÍA INFORMÁTICA','2018-19','11/02/2019 11:41'),(6349,'INGLÉS APLICADO A LA INFORMÁTICA',1,'SEMESTRE: 2',54,27,2,902,1009642,'ND PRAS AN SEIS MAS SEIS, Uno',27,'Castellano','Castellano','N','S','S','N',NULL,NULL,1,'63 - GRADO EN INGENIERÍA INFORMÁTICA','2018-19','11/02/2019 11:41'),(6353,'SISTEMAS OPERATIVOS',1,'SEMESTRE: 2',54,27,1,1,24202,'CURIEL HERRERA, Leticia Elena',0,'Castellano','Castellano','N','S','N','N',NULL,NULL,1,'63 - GRADO EN INGENIERÍA INFORMÁTICA','2018-19','11/02/2019 11:41'),(6353,'SISTEMAS OPERATIVOS',1,'SEMESTRE: 2',54,27,1,1,1000505,'SAIZ DIEZ, Jose Manuel',27,'Castellano','Castellano','S','S','S','S',NULL,NULL,1,'63 - GRADO EN INGENIERÍA INFORMÁTICA','2018-19','11/02/2019 11:41'),(6353,'SISTEMAS OPERATIVOS',1,'SEMESTRE: 2',54,27,1,1,1000637,'SIERRA GARCIA, Jesus Enrique',0,'Castellano','Castellano','N','S','N','N',NULL,NULL,1,'63 - GRADO EN INGENIERÍA INFORMÁTICA','2018-19','11/02/2019 11:41'),(6353,'SISTEMAS OPERATIVOS',1,'SEMESTRE: 2',54,27,1,1,1009788,'CANEPA ONETO, Antonio Jesus',0,'Castellano','Castellano','N','S','N','N',NULL,NULL,1,'63 - GRADO EN INGENIERÍA INFORMÁTICA','2018-19','11/02/2019 11:41'),(6353,'SISTEMAS OPERATIVOS',1,'SEMESTRE: 2',54,27,2,101,1000637,'SIERRA GARCIA, Jesus Enrique',27,'Castellano','Castellano','N','S','S','N',NULL,NULL,1,'63 - GRADO EN INGENIERÍA INFORMÁTICA','2018-19','11/02/2019 11:41'),(6353,'SISTEMAS OPERATIVOS',1,'SEMESTRE: 2',54,27,2,102,1000637,'SIERRA GARCIA, Jesus Enrique',27,'Castellano','Castellano','N','S','S','N',NULL,NULL,1,'63 - GRADO EN INGENIERÍA INFORMÁTICA','2018-19','11/02/2019 11:41'),(6353,'SISTEMAS OPERATIVOS',1,'SEMESTRE: 2',54,27,2,103,1009788,'CANEPA ONETO, Antonio Jesus',27,'Castellano','Castellano','N','S','S','N',NULL,NULL,1,'63 - GRADO EN INGENIERÍA INFORMÁTICA','2018-19','11/02/2019 11:41'),(6353,'SISTEMAS OPERATIVOS',1,'SEMESTRE: 2',54,27,1,2,24202,'CURIEL HERRERA, Leticia Elena',0,'Castellano','Castellano','N','S','N','N',NULL,NULL,1,'63 - GRADO EN INGENIERÍA INFORMÁTICA','2018-19','11/02/2019 11:41'),(6353,'SISTEMAS OPERATIVOS',1,'SEMESTRE: 2',54,27,1,2,1000505,'SAIZ DIEZ, Jose Manuel',27,'Castellano','Castellano','N','S','S','N',NULL,NULL,1,'63 - GRADO EN INGENIERÍA INFORMÁTICA','2018-19','11/02/2019 11:41'),(6353,'SISTEMAS OPERATIVOS',1,'SEMESTRE: 2',54,27,1,2,1009788,'CANEPA ONETO, Antonio Jesus',0,'Castellano','Castellano','N','S','N','N',NULL,NULL,1,'63 - GRADO EN INGENIERÍA INFORMÁTICA','2018-19','11/02/2019 11:41'),(6353,'SISTEMAS OPERATIVOS',1,'SEMESTRE: 2',54,27,2,201,1009788,'CANEPA ONETO, Antonio Jesus',27,'Castellano','Castellano','N','S','S','N',NULL,NULL,1,'63 - GRADO EN INGENIERÍA INFORMÁTICA','2018-19','11/02/2019 11:41'),(6353,'SISTEMAS OPERATIVOS',1,'SEMESTRE: 2',54,27,2,202,1000505,'SAIZ DIEZ, Jose Manuel',27,'Castellano','Castellano','N','S','S','N',NULL,NULL,1,'63 - GRADO EN INGENIERÍA INFORMÁTICA','2018-19','11/02/2019 11:41'),(6353,'SISTEMAS OPERATIVOS',1,'SEMESTRE: 2',54,27,2,203,1000505,'SAIZ DIEZ, Jose Manuel',18,'Castellano','Castellano','N','S','S','N',NULL,NULL,1,'63 - GRADO EN INGENIERÍA INFORMÁTICA','2018-19','11/02/2019 11:41'),(6353,'SISTEMAS OPERATIVOS',1,'SEMESTRE: 2',54,27,2,203,1009788,'CANEPA ONETO, Antonio Jesus',9,'Castellano','Castellano','N','S','S','N',NULL,NULL,1,'63 - GRADO EN INGENIERÍA INFORMÁTICA','2018-19','11/02/2019 11:41'),(6353,'SISTEMAS OPERATIVOS',1,'SEMESTRE: 2',54,27,2,204,24202,'CURIEL HERRERA, Leticia Elena',27,'Castellano','Castellano','N','S','S','N',NULL,NULL,1,'63 - GRADO EN INGENIERÍA INFORMÁTICA','2018-19','11/02/2019 11:41'),(6353,'SISTEMAS OPERATIVOS',1,'SEMESTRE: 2',54,27,1,90,24202,'CURIEL HERRERA, Leticia Elena',27,'Castellano','Castellano','S','S','S','N',NULL,NULL,1,'63 - GRADO EN INGENIERÍA INFORMÁTICA','2018-19','11/02/2019 11:41'),(6353,'SISTEMAS OPERATIVOS',1,'SEMESTRE: 2',54,27,1,90,1000505,'SAIZ DIEZ, Jose Manuel',0,'Castellano','Castellano','N','S','N','S',NULL,NULL,1,'63 - GRADO EN INGENIERÍA INFORMÁTICA','2018-19','11/02/2019 11:41'),(6353,'SISTEMAS OPERATIVOS',1,'SEMESTRE: 2',54,27,2,901,24202,'CURIEL HERRERA, Leticia Elena',27,'Castellano','Castellano','N','S','S','N',NULL,NULL,1,'63 - GRADO EN INGENIERÍA INFORMÁTICA','2018-19','11/02/2019 11:41'),(6353,'SISTEMAS OPERATIVOS',1,'SEMESTRE: 2',54,27,2,902,24202,'CURIEL HERRERA, Leticia Elena',27,'Castellano','Castellano','N','S','S','N',NULL,NULL,1,'63 - GRADO EN INGENIERÍA INFORMÁTICA','2018-19','11/02/2019 11:41'),(6350,'CÁLCULO',1,'SEMESTRE: 2',54,27,1,1,1000219,'FERNANDEZ SAINZ-AJA, Jose Luis',0,'Castellano','Castellano','N','S','N','N',NULL,NULL,1,'63 - GRADO EN INGENIERÍA INFORMÁTICA','2018-19','11/02/2019 11:41'),(6350,'CÁLCULO',1,'SEMESTRE: 2',54,27,1,1,1000368,'HERNANDO IBEAS, Jose Luis',0,'Castellano','Castellano','N','S','N','N',NULL,NULL,1,'63 - GRADO EN INGENIERÍA INFORMÁTICA','2018-19','11/02/2019 11:41'),(6350,'CÁLCULO',1,'SEMESTRE: 2',54,27,1,1,1000432,'PACHECO DE BONROSTRO, Ana Maria',27,'Castellano','Castellano','S','S','S','S',NULL,NULL,1,'63 - GRADO EN INGENIERÍA INFORMÁTICA','2018-19','11/02/2019 11:41'),(6350,'CÁLCULO',1,'SEMESTRE: 2',54,27,1,1,1000653,'TOBAR PUENTE, Maria Soledad',0,'Castellano','Castellano','N','S','N','N',NULL,NULL,1,'63 - GRADO EN INGENIERÍA INFORMÁTICA','2018-19','11/02/2019 11:41'),(6350,'CÁLCULO',1,'SEMESTRE: 2',54,27,2,101,1000432,'PACHECO DE BONROSTRO, Ana Maria',27,'Castellano','Castellano','S','S','S','S',NULL,NULL,1,'63 - GRADO EN INGENIERÍA INFORMÁTICA','2018-19','11/02/2019 11:41'),(6350,'CÁLCULO',1,'SEMESTRE: 2',54,27,2,102,1000432,'PACHECO DE BONROSTRO, Ana Maria',27,'Castellano','Castellano','S','S','S','S',NULL,NULL,1,'63 - GRADO EN INGENIERÍA INFORMÁTICA','2018-19','11/02/2019 11:41'),(6350,'CÁLCULO',1,'SEMESTRE: 2',54,27,2,103,1000219,'FERNANDEZ SAINZ-AJA, Jose Luis',27,'Castellano','Castellano','S','S','S','S',NULL,NULL,1,'63 - GRADO EN INGENIERÍA INFORMÁTICA','2018-19','11/02/2019 11:41'),(6350,'CÁLCULO',1,'SEMESTRE: 2',54,27,1,2,1000219,'FERNANDEZ SAINZ-AJA, Jose Luis',0,'Castellano','Castellano','N','S','N','N',NULL,NULL,1,'63 - GRADO EN INGENIERÍA INFORMÁTICA','2018-19','11/02/2019 11:41'),(6350,'CÁLCULO',1,'SEMESTRE: 2',54,27,1,2,1000368,'HERNANDO IBEAS, Jose Luis',0,'Castellano','Castellano','N','S','N','N',NULL,NULL,1,'63 - GRADO EN INGENIERÍA INFORMÁTICA','2018-19','11/02/2019 11:41'),(6350,'CÁLCULO',1,'SEMESTRE: 2',54,27,1,2,1000432,'PACHECO DE BONROSTRO, Ana Maria',27,'Castellano','Castellano','S','S','S','S',NULL,NULL,1,'63 - GRADO EN INGENIERÍA INFORMÁTICA','2018-19','11/02/2019 11:41'),(6350,'CÁLCULO',1,'SEMESTRE: 2',54,27,1,2,1000653,'TOBAR PUENTE, Maria Soledad',0,'Castellano','Castellano','N','S','N','N',NULL,NULL,1,'63 - GRADO EN INGENIERÍA INFORMÁTICA','2018-19','11/02/2019 11:41'),(6350,'CÁLCULO',1,'SEMESTRE: 2',54,27,2,201,1000653,'TOBAR PUENTE, Maria Soledad',27,'Castellano','Castellano','S','S','S','S',NULL,NULL,1,'63 - GRADO EN INGENIERÍA INFORMÁTICA','2018-19','11/02/2019 11:41'),(6350,'CÁLCULO',1,'SEMESTRE: 2',54,27,2,202,1000368,'HERNANDO IBEAS, Jose Luis',27,'Castellano','Castellano','S','S','S','S',NULL,NULL,1,'63 - GRADO EN INGENIERÍA INFORMÁTICA','2018-19','11/02/2019 11:41'),(6350,'CÁLCULO',1,'SEMESTRE: 2',54,27,2,203,0,'Sin asignar',NULL,'Castellano','nan','nan','nan','nan','nan',NULL,NULL,1,'63 - GRADO EN INGENIERÍA INFORMÁTICA','2018-19','11/02/2019 11:41'),(6350,'CÁLCULO',1,'SEMESTRE: 2',54,27,1,90,28423,'REGUERA LOPEZ, Nuria',27,'Castellano','Castellano','S','S','S','S',NULL,NULL,1,'63 - GRADO EN INGENIERÍA INFORMÁTICA','2018-19','11/02/2019 11:41'),(6350,'CÁLCULO',1,'SEMESTRE: 2',54,27,2,901,28423,'REGUERA LOPEZ, Nuria',27,'Castellano','Castellano','S','S','S','S',NULL,NULL,1,'63 - GRADO EN INGENIERÍA INFORMÁTICA','2018-19','11/02/2019 11:41'),(6350,'CÁLCULO',1,'SEMESTRE: 2',54,27,2,902,28423,'REGUERA LOPEZ, Nuria',27,'Castellano','Castellano','S','S','S','S',NULL,NULL,1,'63 - GRADO EN INGENIERÍA INFORMÁTICA','2018-19','11/02/2019 11:41'),(6352,'FUNDAMENTOS DE COMPUTADORES',1,'SEMESTRE: 2',54,27,1,1,11045,'SANCHEZ ORTEGA, Pedro Luis',27,'Castellano','Castellano','S','S','S','S',NULL,NULL,1,'63 - GRADO EN INGENIERÍA INFORMÁTICA','2018-19','11/02/2019 11:41'),(6352,'FUNDAMENTOS DE COMPUTADORES',1,'SEMESTRE: 2',54,27,2,101,11045,'SANCHEZ ORTEGA, Pedro Luis',27,'Castellano','Castellano','N','S','S','N',NULL,NULL,1,'63 - GRADO EN INGENIERÍA INFORMÁTICA','2018-19','11/02/2019 11:41'),(6352,'FUNDAMENTOS DE COMPUTADORES',1,'SEMESTRE: 2',54,27,2,102,11045,'SANCHEZ ORTEGA, Pedro Luis',27,'Castellano','Castellano','N','S','S','N',NULL,NULL,1,'63 - GRADO EN INGENIERÍA INFORMÁTICA','2018-19','11/02/2019 11:41'),(6352,'FUNDAMENTOS DE COMPUTADORES',1,'SEMESTRE: 2',54,27,2,103,11045,'SANCHEZ ORTEGA, Pedro Luis',27,'Castellano','Castellano','N','S','S','N',NULL,NULL,1,'63 - GRADO EN INGENIERÍA INFORMÁTICA','2018-19','11/02/2019 11:41'),(6352,'FUNDAMENTOS DE COMPUTADORES',1,'SEMESTRE: 2',54,27,1,2,11045,'SANCHEZ ORTEGA, Pedro Luis',27,'Castellano','Castellano','S','S','S','S',NULL,NULL,1,'63 - GRADO EN INGENIERÍA INFORMÁTICA','2018-19','11/02/2019 11:41'),(6352,'FUNDAMENTOS DE COMPUTADORES',1,'SEMESTRE: 2',54,27,2,201,11045,'SANCHEZ ORTEGA, Pedro Luis',27,'Castellano','Castellano','N','S','S','N',NULL,NULL,1,'63 - GRADO EN INGENIERÍA INFORMÁTICA','2018-19','11/02/2019 11:41'),(6352,'FUNDAMENTOS DE COMPUTADORES',1,'SEMESTRE: 2',54,27,2,202,11045,'SANCHEZ ORTEGA, Pedro Luis',27,'Castellano','Castellano','N','S','S','N',NULL,NULL,1,'63 - GRADO EN INGENIERÍA INFORMÁTICA','2018-19','11/02/2019 11:41'),(6352,'FUNDAMENTOS DE COMPUTADORES',1,'SEMESTRE: 2',54,27,2,203,0,'Sin asignar',NULL,'Castellano','nan','nan','nan','nan','nan',NULL,NULL,1,'63 - GRADO EN INGENIERÍA INFORMÁTICA','2018-19','11/02/2019 11:41'),(6352,'FUNDAMENTOS DE COMPUTADORES',1,'SEMESTRE: 2',54,27,1,90,60856,'ACHA ALEGRE, Santiago Emilio',27,'Castellano','Castellano','S','S','S','S',NULL,NULL,1,'63 - GRADO EN INGENIERÍA INFORMÁTICA','2018-19','11/02/2019 11:41'),(6352,'FUNDAMENTOS DE COMPUTADORES',1,'SEMESTRE: 2',54,27,2,901,60856,'ACHA ALEGRE, Santiago Emilio',27,'Castellano','Castellano','N','S','S','N',NULL,NULL,1,'63 - GRADO EN INGENIERÍA INFORMÁTICA','2018-19','11/02/2019 11:41'),(6352,'FUNDAMENTOS DE COMPUTADORES',1,'SEMESTRE: 2',54,27,2,902,60856,'ACHA ALEGRE, Santiago Emilio',27,'Castellano','Castellano','N','S','S','N',NULL,NULL,1,'63 - GRADO EN INGENIERÍA INFORMÁTICA','2018-19','11/02/2019 11:41'),(6355,'ESTADÍSTICA',2,'SEMESTRE: 1',54,27,1,1,100946,'LORENTE MARIN, Ana',27,'Castellano','Castellano','S','S','S','S',NULL,NULL,1,'63 - GRADO EN INGENIERÍA INFORMÁTICA','2018-19','11/02/2019 11:41'),(6355,'ESTADÍSTICA',2,'SEMESTRE: 1',54,27,2,101,100946,'LORENTE MARIN, Ana',27,'Castellano','Castellano','S','S','S','S',NULL,NULL,1,'63 - GRADO EN INGENIERÍA INFORMÁTICA','2018-19','11/02/2019 11:41'),(6355,'ESTADÍSTICA',2,'SEMESTRE: 1',54,27,2,102,100946,'LORENTE MARIN, Ana',27,'Castellano','Castellano','S','S','S','S',NULL,NULL,1,'63 - GRADO EN INGENIERÍA INFORMÁTICA','2018-19','11/02/2019 11:41'),(6355,'ESTADÍSTICA',2,'SEMESTRE: 1',54,27,2,103,100946,'LORENTE MARIN, Ana',27,'Castellano','Castellano','S','S','S','S',NULL,NULL,1,'63 - GRADO EN INGENIERÍA INFORMÁTICA','2018-19','11/02/2019 11:41'),(6355,'ESTADÍSTICA',2,'SEMESTRE: 1',54,27,2,104,0,'Sin asignar',NULL,'Castellano','nan','nan','nan','nan','nan',NULL,NULL,1,'63 - GRADO EN INGENIERÍA INFORMÁTICA','2018-19','11/02/2019 11:41'),(6355,'ESTADÍSTICA',2,'SEMESTRE: 1',54,27,1,90,100946,'LORENTE MARIN, Ana',27,'Castellano','Castellano','S','S','S','S',NULL,NULL,1,'63 - GRADO EN INGENIERÍA INFORMÁTICA','2018-19','11/02/2019 11:41'),(6355,'ESTADÍSTICA',2,'SEMESTRE: 1',54,27,2,901,100946,'LORENTE MARIN, Ana',27,'Castellano','Castellano','S','S','S','S',NULL,NULL,1,'63 - GRADO EN INGENIERÍA INFORMÁTICA','2018-19','11/02/2019 11:41'),(6358,'ARQUITECTURA DE COMPUTADORES',2,'SEMESTRE: 1',54,27,1,1,29395,'REPRESA PEREZ, Cesar',27,'Castellano','Castellano','S','S','S','S',NULL,NULL,1,'63 - GRADO EN INGENIERÍA INFORMÁTICA','2018-19','11/02/2019 11:41'),(6358,'ARQUITECTURA DE COMPUTADORES',2,'SEMESTRE: 1',54,27,2,101,29395,'REPRESA PEREZ, Cesar',27,'Castellano','Castellano','N','S','S','N',NULL,NULL,1,'63 - GRADO EN INGENIERÍA INFORMÁTICA','2018-19','11/02/2019 11:41'),(6358,'ARQUITECTURA DE COMPUTADORES',2,'SEMESTRE: 1',54,27,2,102,29395,'REPRESA PEREZ, Cesar',27,'Castellano','Castellano','N','S','S','N',NULL,NULL,1,'63 - GRADO EN INGENIERÍA INFORMÁTICA','2018-19','11/02/2019 11:41'),(6358,'ARQUITECTURA DE COMPUTADORES',2,'SEMESTRE: 1',54,27,2,103,29395,'REPRESA PEREZ, Cesar',27,'literal \' \' no encontrado','Completo','N','S','S','N',NULL,NULL,1,'63 - GRADO EN INGENIERÍA INFORMÁTICA','2018-19','11/02/2019 11:41'),(6358,'ARQUITECTURA DE COMPUTADORES',2,'SEMESTRE: 1',54,27,2,104,29395,'REPRESA PEREZ, Cesar',27,'Castellano','Castellano','N','S','S','N',NULL,NULL,1,'63 - GRADO EN INGENIERÍA INFORMÁTICA','2018-19','11/02/2019 11:41'),(6358,'ARQUITECTURA DE COMPUTADORES',2,'SEMESTRE: 1',54,27,1,90,29395,'REPRESA PEREZ, Cesar',27,'Castellano','Castellano','S','S','S','S',NULL,NULL,1,'63 - GRADO EN INGENIERÍA INFORMÁTICA','2018-19','11/02/2019 11:41'),(6358,'ARQUITECTURA DE COMPUTADORES',2,'SEMESTRE: 1',54,27,2,901,29395,'REPRESA PEREZ, Cesar',27,'Castellano','Castellano','N','S','S','N',NULL,NULL,1,'63 - GRADO EN INGENIERÍA INFORMÁTICA','2018-19','11/02/2019 11:41'),(6357,'BASES DE DATOS',2,'SEMESTRE: 1',54,27,1,1,55146,'MAUDES RAEDO, Jesus Manuel',27,'Castellano','Castellano','S','S','S','S',NULL,NULL,1,'63 - GRADO EN INGENIERÍA INFORMÁTICA','2018-19','11/02/2019 11:41'),(6357,'BASES DE DATOS',2,'SEMESTRE: 1',54,27,2,101,55146,'MAUDES RAEDO, Jesus Manuel',27,'Castellano','Castellano','N','S','S','N',NULL,NULL,1,'63 - GRADO EN INGENIERÍA INFORMÁTICA','2018-19','11/02/2019 11:41'),(6357,'BASES DE DATOS',2,'SEMESTRE: 1',54,27,2,102,55146,'MAUDES RAEDO, Jesus Manuel',27,'Castellano','Castellano','N','S','S','N',NULL,NULL,1,'63 - GRADO EN INGENIERÍA INFORMÁTICA','2018-19','11/02/2019 11:41'),(6357,'BASES DE DATOS',2,'SEMESTRE: 1',54,27,2,103,55146,'MAUDES RAEDO, Jesus Manuel',27,'Castellano','Castellano','N','S','S','N',NULL,NULL,1,'63 - GRADO EN INGENIERÍA INFORMÁTICA','2018-19','11/02/2019 11:41'),(6357,'BASES DE DATOS',2,'SEMESTRE: 1',54,27,2,104,55146,'MAUDES RAEDO, Jesus Manuel',27,'Castellano','Castellano','N','S','S','N',NULL,NULL,1,'63 - GRADO EN INGENIERÍA INFORMÁTICA','2018-19','11/02/2019 11:41'),(6357,'BASES DE DATOS',2,'SEMESTRE: 1',54,27,1,90,35796,'REDONDO GUEVARA, Raquel',27,'Castellano','Castellano','S','S','S','N',NULL,NULL,1,'63 - GRADO EN INGENIERÍA INFORMÁTICA','2018-19','11/02/2019 11:41'),(6357,'BASES DE DATOS',2,'SEMESTRE: 1',54,27,2,901,35796,'REDONDO GUEVARA, Raquel',27,'Castellano','Completo','N','S','S','N',NULL,NULL,1,'63 - GRADO EN INGENIERÍA INFORMÁTICA','2018-19','11/02/2019 11:41'),(6354,'METODOLOGÍA DE LA PROGRAMACIÓN',2,'SEMESTRE: 1',54,27,1,1,1000287,'MARTICORENA SANCHEZ, Raul',27,'Castellano','Castellano','S','S','S','S',NULL,NULL,1,'63 - GRADO EN INGENIERÍA INFORMÁTICA','2018-19','11/02/2019 11:41'),(6354,'METODOLOGÍA DE LA PROGRAMACIÓN',2,'SEMESTRE: 1',54,27,2,101,1000287,'MARTICORENA SANCHEZ, Raul',27,'Castellano','Castellano','N','S','S','N',NULL,NULL,1,'63 - GRADO EN INGENIERÍA INFORMÁTICA','2018-19','11/02/2019 11:41'),(6354,'METODOLOGÍA DE LA PROGRAMACIÓN',2,'SEMESTRE: 1',54,27,2,102,1000287,'MARTICORENA SANCHEZ, Raul',27,'Castellano','Castellano','N','S','S','N',NULL,NULL,1,'63 - GRADO EN INGENIERÍA INFORMÁTICA','2018-19','11/02/2019 11:41'),(6354,'METODOLOGÍA DE LA PROGRAMACIÓN',2,'SEMESTRE: 1',54,27,2,103,1000287,'MARTICORENA SANCHEZ, Raul',27,'Castellano','Castellano','N','S','S','N',NULL,NULL,1,'63 - GRADO EN INGENIERÍA INFORMÁTICA','2018-19','11/02/2019 11:41'),(6354,'METODOLOGÍA DE LA PROGRAMACIÓN',2,'SEMESTRE: 1',54,27,2,104,1000287,'MARTICORENA SANCHEZ, Raul',27,'Castellano','Castellano','N','S','S','N',NULL,NULL,1,'63 - GRADO EN INGENIERÍA INFORMÁTICA','2018-19','11/02/2019 11:41'),(6354,'METODOLOGÍA DE LA PROGRAMACIÓN',2,'SEMESTRE: 1',54,27,1,90,1000287,'MARTICORENA SANCHEZ, Raul',27,'Castellano','Castellano','S','S','S','S',NULL,NULL,1,'63 - GRADO EN INGENIERÍA INFORMÁTICA','2018-19','11/02/2019 11:41'),(6354,'METODOLOGÍA DE LA PROGRAMACIÓN',2,'SEMESTRE: 1',54,27,2,901,1000287,'MARTICORENA SANCHEZ, Raul',27,'Castellano','Castellano','N','S','S','N',NULL,NULL,1,'63 - GRADO EN INGENIERÍA INFORMÁTICA','2018-19','11/02/2019 11:41'),(6356,'INGENIERÍA DEL SOFTWARE',2,'SEMESTRE: 1',54,27,1,1,48887,'VAQUERIZO GARCIA, Maria Belen',0,'Castellano','Castellano','S','S','N','N',NULL,NULL,1,'63 - GRADO EN INGENIERÍA INFORMÁTICA','2018-19','11/02/2019 11:41'),(6356,'INGENIERÍA DEL SOFTWARE',2,'SEMESTRE: 1',54,27,1,1,1000942,'LOPEZ LOPEZ, Jose Antonio',27,'Castellano','Castellano','S','S','S','N',NULL,NULL,1,'63 - GRADO EN INGENIERÍA INFORMÁTICA','2018-19','11/02/2019 11:41'),(6356,'INGENIERÍA DEL SOFTWARE',2,'SEMESTRE: 1',54,27,2,101,48887,'VAQUERIZO GARCIA, Maria Belen',27,'Castellano','Castellano','N','S','S','N',NULL,NULL,1,'63 - GRADO EN INGENIERÍA INFORMÁTICA','2018-19','11/02/2019 11:41'),(6356,'INGENIERÍA DEL SOFTWARE',2,'SEMESTRE: 1',54,27,2,102,1000942,'LOPEZ LOPEZ, Jose Antonio',27,'Castellano','Castellano','N','S','S','N',NULL,NULL,1,'63 - GRADO EN INGENIERÍA INFORMÁTICA','2018-19','11/02/2019 11:41'),(6356,'INGENIERÍA DEL SOFTWARE',2,'SEMESTRE: 1',54,27,2,103,1000942,'LOPEZ LOPEZ, Jose Antonio',27,'Castellano','Castellano','N','S','S','N',NULL,NULL,1,'63 - GRADO EN INGENIERÍA INFORMÁTICA','2018-19','11/02/2019 11:41'),(6356,'INGENIERÍA DEL SOFTWARE',2,'SEMESTRE: 1',54,27,1,90,48887,'VAQUERIZO GARCIA, Maria Belen',27,'Castellano','Castellano','S','S','S','S',NULL,NULL,1,'63 - GRADO EN INGENIERÍA INFORMÁTICA','2018-19','11/02/2019 11:41'),(6356,'INGENIERÍA DEL SOFTWARE',2,'SEMESTRE: 1',54,27,2,901,48887,'VAQUERIZO GARCIA, Maria Belen',27,'Castellano','Castellano','N','S','S','N',NULL,NULL,1,'63 - GRADO EN INGENIERÍA INFORMÁTICA','2018-19','11/02/2019 11:41'),(6363,'ANÁLISIS Y DISEÑO DE SISTEMAS',2,'SEMESTRE: 2',54,27,1,1,48887,'VAQUERIZO GARCIA, Maria Belen',0,'Castellano','Castellano','S','S','N','S',NULL,NULL,1,'63 - GRADO EN INGENIERÍA INFORMÁTICA','2018-19','11/02/2019 11:41'),(6363,'ANÁLISIS Y DISEÑO DE SISTEMAS',2,'SEMESTRE: 2',54,27,1,1,1000942,'LOPEZ LOPEZ, Jose Antonio',27,'Castellano','Castellano','S','S','S','N',NULL,NULL,1,'63 - GRADO EN INGENIERÍA INFORMÁTICA','2018-19','11/02/2019 11:41'),(6363,'ANÁLISIS Y DISEÑO DE SISTEMAS',2,'SEMESTRE: 2',54,27,1,1,1015483,'ND PRAS SS CINCO MAS CINCO, UNO',0,'Castellano','Castellano','N','S','N','N',NULL,NULL,1,'63 - GRADO EN INGENIERÍA INFORMÁTICA','2018-19','11/02/2019 11:41'),(6363,'ANÁLISIS Y DISEÑO DE SISTEMAS',2,'SEMESTRE: 2',54,27,2,101,48887,'VAQUERIZO GARCIA, Maria Belen',27,'Castellano','Castellano','N','S','S','N',NULL,NULL,1,'63 - GRADO EN INGENIERÍA INFORMÁTICA','2018-19','11/02/2019 11:41'),(6363,'ANÁLISIS Y DISEÑO DE SISTEMAS',2,'SEMESTRE: 2',54,27,2,102,48887,'VAQUERIZO GARCIA, Maria Belen',15,'Castellano','Castellano','N','S','S','N',NULL,NULL,1,'63 - GRADO EN INGENIERÍA INFORMÁTICA','2018-19','11/02/2019 11:41'),(6363,'ANÁLISIS Y DISEÑO DE SISTEMAS',2,'SEMESTRE: 2',54,27,2,102,1015278,'ND PRAS SS CINCO MAS CINCO, UNO',12,'Castellano','Castellano','N','S','S','N',NULL,NULL,1,'63 - GRADO EN INGENIERÍA INFORMÁTICA','2018-19','11/02/2019 11:41'),(6363,'ANÁLISIS Y DISEÑO DE SISTEMAS',2,'SEMESTRE: 2',54,27,2,103,1015278,'ND PRAS SS CINCO MAS CINCO, UNO',27,'Castellano','Castellano','N','S','S','N',NULL,NULL,1,'63 - GRADO EN INGENIERÍA INFORMÁTICA','2018-19','11/02/2019 11:41'),(6363,'ANÁLISIS Y DISEÑO DE SISTEMAS',2,'SEMESTRE: 2',54,27,1,90,48887,'VAQUERIZO GARCIA, Maria Belen',27,'Castellano','Castellano','S','S','S','S',NULL,NULL,1,'63 - GRADO EN INGENIERÍA INFORMÁTICA','2018-19','11/02/2019 11:41'),(6363,'ANÁLISIS Y DISEÑO DE SISTEMAS',2,'SEMESTRE: 2',54,27,2,901,48887,'VAQUERIZO GARCIA, Maria Belen',27,'Castellano','Castellano','N','S','S','N',NULL,NULL,1,'63 - GRADO EN INGENIERÍA INFORMÁTICA','2018-19','11/02/2019 11:41'),(6360,'REDES',2,'SEMESTRE: 2',54,27,1,1,24173,'SARABIA ORTIZ, Daniel',13.5,'Castellano','Castellano','S','S','S','S',NULL,NULL,1,'63 - GRADO EN INGENIERÍA INFORMÁTICA','2018-19','11/02/2019 11:41'),(6360,'REDES',2,'SEMESTRE: 2',54,27,1,1,43447,'GOMEZ MERINO, Maria Beatriz',0,'Castellano','Castellano','N','S','N','N',NULL,NULL,1,'63 - GRADO EN INGENIERÍA INFORMÁTICA','2018-19','11/02/2019 11:41'),(6360,'REDES',2,'SEMESTRE: 2',54,27,1,1,1000333,'MERINO GOMEZ, Alejandro',13.5,'Castellano','Castellano','S','S','S','S',NULL,NULL,1,'63 - GRADO EN INGENIERÍA INFORMÁTICA','2018-19','11/02/2019 11:41'),(6360,'REDES',2,'SEMESTRE: 2',54,27,2,101,43447,'GOMEZ MERINO, Maria Beatriz',27,'Castellano','Castellano','N','S','S','N',NULL,NULL,1,'63 - GRADO EN INGENIERÍA INFORMÁTICA','2018-19','11/02/2019 11:41'),(6360,'REDES',2,'SEMESTRE: 2',54,27,2,102,43447,'GOMEZ MERINO, Maria Beatriz',13.5,'Castellano','Castellano','N','S','S','N',NULL,NULL,1,'63 - GRADO EN INGENIERÍA INFORMÁTICA','2018-19','11/02/2019 11:41'),(6360,'REDES',2,'SEMESTRE: 2',54,27,2,102,1000333,'MERINO GOMEZ, Alejandro',13.5,'Castellano','Castellano','N','S','S','N',NULL,NULL,1,'63 - GRADO EN INGENIERÍA INFORMÁTICA','2018-19','11/02/2019 11:41'),(6360,'REDES',2,'SEMESTRE: 2',54,27,2,103,24173,'SARABIA ORTIZ, Daniel',13.5,'Castellano','Castellano','N','S','S','N',NULL,NULL,1,'63 - GRADO EN INGENIERÍA INFORMÁTICA','2018-19','11/02/2019 11:41'),(6360,'REDES',2,'SEMESTRE: 2',54,27,2,103,1000333,'MERINO GOMEZ, Alejandro',13.5,'Castellano','Castellano','N','S','S','N',NULL,NULL,1,'63 - GRADO EN INGENIERÍA INFORMÁTICA','2018-19','11/02/2019 11:41'),(6360,'REDES',2,'SEMESTRE: 2',54,27,1,90,24173,'SARABIA ORTIZ, Daniel',13.5,'Castellano','Castellano','S','S','S','S',NULL,NULL,1,'63 - GRADO EN INGENIERÍA INFORMÁTICA','2018-19','11/02/2019 11:41'),(6360,'REDES',2,'SEMESTRE: 2',54,27,1,90,1000333,'MERINO GOMEZ, Alejandro',13.5,'Castellano','Castellano','S','S','S','S',NULL,NULL,1,'63 - GRADO EN INGENIERÍA INFORMÁTICA','2018-19','11/02/2019 11:41'),(6360,'REDES',2,'SEMESTRE: 2',54,27,2,901,24173,'SARABIA ORTIZ, Daniel',13.5,'Castellano','Castellano','N','S','S','N',NULL,NULL,1,'63 - GRADO EN INGENIERÍA INFORMÁTICA','2018-19','11/02/2019 11:41'),(6360,'REDES',2,'SEMESTRE: 2',54,27,2,901,1000333,'MERINO GOMEZ, Alejandro',13.5,'Castellano','Castellano','N','S','S','N',NULL,NULL,1,'63 - GRADO EN INGENIERÍA INFORMÁTICA','2018-19','11/02/2019 11:41'),(6359,'ESTRUCTURAS DE DATOS',2,'SEMESTRE: 2',54,27,1,1,40089,'BARUQUE ZANON, Bruno',0,'Castellano','Castellano','N','S','N','S',NULL,NULL,1,'63 - GRADO EN INGENIERÍA INFORMÁTICA','2018-19','11/02/2019 11:41'),(6359,'ESTRUCTURAS DE DATOS',2,'SEMESTRE: 2',54,27,1,1,1015494,'ND PRAS SS CUATRO MAS CUATRO, DOS',0,'Castellano','Castellano','N','S','N','N',NULL,NULL,1,'63 - GRADO EN INGENIERÍA INFORMÁTICA','2018-19','11/02/2019 11:41'),(6359,'ESTRUCTURAS DE DATOS',2,'SEMESTRE: 2',54,27,2,101,40089,'BARUQUE ZANON, Bruno',27,'Castellano','Castellano','N','S','S','N',NULL,NULL,1,'63 - GRADO EN INGENIERÍA INFORMÁTICA','2018-19','11/02/2019 11:41'),(6359,'ESTRUCTURAS DE DATOS',2,'SEMESTRE: 2',54,27,2,102,40089,'BARUQUE ZANON, Bruno',27,'Castellano','Castellano','N','S','S','N',NULL,NULL,1,'63 - GRADO EN INGENIERÍA INFORMÁTICA','2018-19','11/02/2019 11:41'),(6359,'ESTRUCTURAS DE DATOS',2,'SEMESTRE: 2',54,27,2,103,1015494,'ND PRAS SS CUATRO MAS CUATRO, DOS',27,'Castellano','Castellano','N','S','S','N',NULL,NULL,1,'63 - GRADO EN INGENIERÍA INFORMÁTICA','2018-19','11/02/2019 11:41'),(6359,'ESTRUCTURAS DE DATOS',2,'SEMESTRE: 2',54,27,2,104,1015494,'ND PRAS SS CUATRO MAS CUATRO, DOS',27,'Castellano','Castellano','N','S','S','N',NULL,NULL,1,'63 - GRADO EN INGENIERÍA INFORMÁTICA','2018-19','11/02/2019 11:41'),(6359,'ESTRUCTURAS DE DATOS',2,'SEMESTRE: 2',54,27,1,90,40089,'BARUQUE ZANON, Bruno',0,'literal \' \' no encontrado','Completo','N','S','N','N',NULL,NULL,1,'63 - GRADO EN INGENIERÍA INFORMÁTICA','2018-19','11/02/2019 11:41'),(6359,'ESTRUCTURAS DE DATOS',2,'SEMESTRE: 2',54,27,1,90,74642,'PARDO AGUILAR, Carlos',0,'literal \' \' no encontrado','Completo','N','S','N','N',NULL,NULL,1,'63 - GRADO EN INGENIERÍA INFORMÁTICA','2018-19','11/02/2019 11:41'),(6359,'ESTRUCTURAS DE DATOS',2,'SEMESTRE: 2',54,27,1,90,1000466,'RODRIGUEZ DIEZ, Juan Jose',27,'literal \' \' no encontrado','Completo','S','S','S','S',NULL,NULL,1,'63 - GRADO EN INGENIERÍA INFORMÁTICA','2018-19','11/02/2019 11:41'),(6359,'ESTRUCTURAS DE DATOS',2,'SEMESTRE: 2',54,27,2,901,74642,'PARDO AGUILAR, Carlos',27,'literal \' \' no encontrado','Completo','N','S','S','N',NULL,NULL,1,'63 - GRADO EN INGENIERÍA INFORMÁTICA','2018-19','11/02/2019 11:41'),(6361,'INTERACCIÓN HOMBRE-MÁQUINA',2,'SEMESTRE: 2',54,27,1,1,39809,'HERRERO COSIO, Alvaro',0,'Castellano','Castellano','N','S','N','S',NULL,NULL,1,'63 - GRADO EN INGENIERÍA INFORMÁTICA','2018-19','11/02/2019 11:41'),(6361,'INTERACCIÓN HOMBRE-MÁQUINA',2,'SEMESTRE: 2',54,27,1,1,1008327,'CAUBILLA QUEVEDO, David',0,'Castellano','Castellano','N','S','N','N',NULL,NULL,1,'63 - GRADO EN INGENIERÍA INFORMÁTICA','2018-19','11/02/2019 11:41'),(6361,'INTERACCIÓN HOMBRE-MÁQUINA',2,'SEMESTRE: 2',54,27,1,1,1015278,'ND PRAS SS CINCO MAS CINCO, UNO',27,'Castellano','Castellano','N','S','S','N',NULL,NULL,1,'63 - GRADO EN INGENIERÍA INFORMÁTICA','2018-19','11/02/2019 11:41'),(6361,'INTERACCIÓN HOMBRE-MÁQUINA',2,'SEMESTRE: 2',54,27,2,101,1008327,'CAUBILLA QUEVEDO, David',27,'Castellano','Castellano','N','S','S','N',NULL,NULL,1,'63 - GRADO EN INGENIERÍA INFORMÁTICA','2018-19','11/02/2019 11:41'),(6361,'INTERACCIÓN HOMBRE-MÁQUINA',2,'SEMESTRE: 2',54,27,2,102,1008327,'CAUBILLA QUEVEDO, David',27,'Castellano','Castellano','N','S','S','N',NULL,NULL,1,'63 - GRADO EN INGENIERÍA INFORMÁTICA','2018-19','11/02/2019 11:41'),(6361,'INTERACCIÓN HOMBRE-MÁQUINA',2,'SEMESTRE: 2',54,27,2,103,1008327,'CAUBILLA QUEVEDO, David',27,'Castellano','Castellano','N','S','S','N',NULL,NULL,1,'63 - GRADO EN INGENIERÍA INFORMÁTICA','2018-19','11/02/2019 11:41'),(6361,'INTERACCIÓN HOMBRE-MÁQUINA',2,'SEMESTRE: 2',54,27,1,90,39809,'HERRERO COSIO, Alvaro',27,'Castellano','Castellano','S','S','S','S',NULL,NULL,1,'63 - GRADO EN INGENIERÍA INFORMÁTICA','2018-19','11/02/2019 11:41'),(6361,'INTERACCIÓN HOMBRE-MÁQUINA',2,'SEMESTRE: 2',54,27,2,901,39809,'HERRERO COSIO, Alvaro',27,'Castellano','Castellano','N','S','S','N',NULL,NULL,1,'63 - GRADO EN INGENIERÍA INFORMÁTICA','2018-19','11/02/2019 11:41'),(6362,'FUNDAMENTOS DE ORGANIZACIÓN Y GESTIÓN DE EMPRESAS',2,'SEMESTRE: 2',54,27,1,1,14906,'PEÑA PEREZ, Maria Teresa',27,'Castellano','Castellano','S','S','S','S',NULL,NULL,1,'63 - GRADO EN INGENIERÍA INFORMÁTICA','2018-19','11/02/2019 11:41'),(6362,'FUNDAMENTOS DE ORGANIZACIÓN Y GESTIÓN DE EMPRESAS',2,'SEMESTRE: 2',54,27,2,101,14906,'PEÑA PEREZ, Maria Teresa',27,'Castellano','Castellano','N','S','S','N',NULL,NULL,1,'63 - GRADO EN INGENIERÍA INFORMÁTICA','2018-19','11/02/2019 11:41'),(6362,'FUNDAMENTOS DE ORGANIZACIÓN Y GESTIÓN DE EMPRESAS',2,'SEMESTRE: 2',54,27,2,102,14906,'PEÑA PEREZ, Maria Teresa',27,'Castellano','Castellano','N','S','S','N',NULL,NULL,1,'63 - GRADO EN INGENIERÍA INFORMÁTICA','2018-19','11/02/2019 11:41'),(6362,'FUNDAMENTOS DE ORGANIZACIÓN Y GESTIÓN DE EMPRESAS',2,'SEMESTRE: 2',54,27,2,103,14906,'PEÑA PEREZ, Maria Teresa',27,'Castellano','Castellano','N','S','S','N',NULL,NULL,1,'63 - GRADO EN INGENIERÍA INFORMÁTICA','2018-19','11/02/2019 11:41'),(6362,'FUNDAMENTOS DE ORGANIZACIÓN Y GESTIÓN DE EMPRESAS',2,'SEMESTRE: 2',54,27,1,90,14906,'PEÑA PEREZ, Maria Teresa',27,'Castellano','Castellano','S','S','S','S',NULL,NULL,1,'63 - GRADO EN INGENIERÍA INFORMÁTICA','2018-19','11/02/2019 11:41'),(6362,'FUNDAMENTOS DE ORGANIZACIÓN Y GESTIÓN DE EMPRESAS',2,'SEMESTRE: 2',54,27,2,901,14906,'PEÑA PEREZ, Maria Teresa',27,'Castellano','Castellano','N','S','S','N',NULL,NULL,1,'63 - GRADO EN INGENIERÍA INFORMÁTICA','2018-19','11/02/2019 11:41'),(6367,'DISEÑO Y ADMINISTRACIÓN DE SISTEMAS Y REDES',3,'SEMESTRE: 1',54,27,1,1,1000437,'PARDO AGUILAR, Ignacio',0,'Castellano','Castellano','N','S','N','N',NULL,NULL,1,'63 - GRADO EN INGENIERÍA INFORMÁTICA','2018-19','11/02/2019 11:41'),(6367,'DISEÑO Y ADMINISTRACIÓN DE SISTEMAS Y REDES',3,'SEMESTRE: 1',54,27,1,1,1000505,'SAIZ DIEZ, Jose Manuel',27,'Castellano','Castellano','S','S','S','S',NULL,NULL,1,'63 - GRADO EN INGENIERÍA INFORMÁTICA','2018-19','11/02/2019 11:41'),(6367,'DISEÑO Y ADMINISTRACIÓN DE SISTEMAS Y REDES',3,'SEMESTRE: 1',54,27,2,101,1000437,'PARDO AGUILAR, Ignacio',27,'Castellano','Castellano','N','S','S','N',NULL,NULL,1,'63 - GRADO EN INGENIERÍA INFORMÁTICA','2018-19','11/02/2019 11:41'),(6367,'DISEÑO Y ADMINISTRACIÓN DE SISTEMAS Y REDES',3,'SEMESTRE: 1',54,27,2,102,1000437,'PARDO AGUILAR, Ignacio',27,'Castellano','Castellano','N','S','S','N',NULL,NULL,1,'63 - GRADO EN INGENIERÍA INFORMÁTICA','2018-19','11/02/2019 11:41'),(6367,'DISEÑO Y ADMINISTRACIÓN DE SISTEMAS Y REDES',3,'SEMESTRE: 1',54,27,1,90,1000505,'SAIZ DIEZ, Jose Manuel',27,'Castellano','Castellano','S','S','S','S',NULL,NULL,1,'63 - GRADO EN INGENIERÍA INFORMÁTICA','2018-19','11/02/2019 11:41'),(6367,'DISEÑO Y ADMINISTRACIÓN DE SISTEMAS Y REDES',3,'SEMESTRE: 1',54,27,2,901,1000505,'SAIZ DIEZ, Jose Manuel',27,'Castellano','Castellano','N','S','S','N',NULL,NULL,1,'63 - GRADO EN INGENIERÍA INFORMÁTICA','2018-19','11/02/2019 11:41'),(6364,'ARQUITECTURAS PARALELAS',3,'SEMESTRE: 1',54,27,1,1,11045,'SANCHEZ ORTEGA, Pedro Luis',27,'Castellano','Castellano','S','S','S','S',NULL,NULL,1,'63 - GRADO EN INGENIERÍA INFORMÁTICA','2018-19','11/02/2019 11:41'),(6364,'ARQUITECTURAS PARALELAS',3,'SEMESTRE: 1',54,27,1,1,29395,'REPRESA PEREZ, Cesar',0,'Castellano','Castellano','N','S','N','N',NULL,NULL,1,'63 - GRADO EN INGENIERÍA INFORMÁTICA','2018-19','11/02/2019 11:41'),(6364,'ARQUITECTURAS PARALELAS',3,'SEMESTRE: 1',54,27,2,101,11045,'SANCHEZ ORTEGA, Pedro Luis',27,'Castellano','Castellano','N','S','S','N',NULL,NULL,1,'63 - GRADO EN INGENIERÍA INFORMÁTICA','2018-19','11/02/2019 11:41'),(6364,'ARQUITECTURAS PARALELAS',3,'SEMESTRE: 1',54,27,2,102,29395,'REPRESA PEREZ, Cesar',27,'Castellano','Castellano','N','S','S','N',NULL,NULL,1,'63 - GRADO EN INGENIERÍA INFORMÁTICA','2018-19','11/02/2019 11:41'),(6364,'ARQUITECTURAS PARALELAS',3,'SEMESTRE: 1',54,27,1,90,1000235,'CÁMARA NEBREDA, José María',27,'Castellano','Castellano','S','S','S','S',NULL,NULL,1,'63 - GRADO EN INGENIERÍA INFORMÁTICA','2018-19','11/02/2019 11:41'),(6364,'ARQUITECTURAS PARALELAS',3,'SEMESTRE: 1',54,27,2,901,1000235,'CÁMARA NEBREDA, José María',27,'Castellano','Castellano','N','S','S','N',NULL,NULL,1,'63 - GRADO EN INGENIERÍA INFORMÁTICA','2018-19','11/02/2019 11:41'),(6368,'PROCESADORES DEL LENGUAJE',3,'SEMESTRE: 1',54,27,1,1,53453,'ARNAIZ GONZALEZ, Alvar',0,'Castellano','Castellano','N','S','N','N',NULL,NULL,1,'63 - GRADO EN INGENIERÍA INFORMÁTICA','2018-19','11/02/2019 11:41'),(6368,'PROCESADORES DEL LENGUAJE',3,'SEMESTRE: 1',54,27,1,1,1000152,'GARCÍA OSORIO, César Ignacio',27,'Castellano','Castellano','S','S','S','S',NULL,NULL,1,'63 - GRADO EN INGENIERÍA INFORMÁTICA','2018-19','11/02/2019 11:41'),(6368,'PROCESADORES DEL LENGUAJE',3,'SEMESTRE: 1',54,27,2,101,53453,'ARNAIZ GONZALEZ, Alvar',27,'Castellano','Castellano','N','S','S','N',NULL,NULL,1,'63 - GRADO EN INGENIERÍA INFORMÁTICA','2018-19','11/02/2019 11:41'),(6368,'PROCESADORES DEL LENGUAJE',3,'SEMESTRE: 1',54,27,2,102,53453,'ARNAIZ GONZALEZ, Alvar',27,'Castellano','Castellano','N','S','S','N',NULL,NULL,1,'63 - GRADO EN INGENIERÍA INFORMÁTICA','2018-19','11/02/2019 11:41'),(6368,'PROCESADORES DEL LENGUAJE',3,'SEMESTRE: 1',54,27,1,90,53453,'ARNAIZ GONZALEZ, Alvar',0,'Castellano','Castellano','N','S','N','N',NULL,NULL,1,'63 - GRADO EN INGENIERÍA INFORMÁTICA','2018-19','11/02/2019 11:41'),(6368,'PROCESADORES DEL LENGUAJE',3,'SEMESTRE: 1',54,27,1,90,1000152,'GARCÍA OSORIO, César Ignacio',27,'Castellano','Castellano','S','S','S','S',NULL,NULL,1,'63 - GRADO EN INGENIERÍA INFORMÁTICA','2018-19','11/02/2019 11:41'),(6368,'PROCESADORES DEL LENGUAJE',3,'SEMESTRE: 1',54,27,2,901,53453,'ARNAIZ GONZALEZ, Alvar',27,'Castellano','Castellano','N','S','S','N',NULL,NULL,1,'63 - GRADO EN INGENIERÍA INFORMÁTICA','2018-19','11/02/2019 11:41'),(6366,'GESTIÓN DE PROYECTOS',3,'SEMESTRE: 1',54,27,1,1,63766,'GALAN ORDAX, Jose Manuel',13.5,'Castellano','Castellano','S','S','S','N',NULL,NULL,1,'63 - GRADO EN INGENIERÍA INFORMÁTICA','2018-19','11/02/2019 11:41'),(6366,'GESTIÓN DE PROYECTOS',3,'SEMESTRE: 1',54,27,1,1,1000412,'LOPEZ NOZAL, Carlos',13.5,'Castellano','Castellano','S','S','S','S',NULL,NULL,1,'63 - GRADO EN INGENIERÍA INFORMÁTICA','2018-19','11/02/2019 11:41'),(6366,'GESTIÓN DE PROYECTOS',3,'SEMESTRE: 1',54,27,2,101,63766,'GALAN ORDAX, Jose Manuel',13.5,'Castellano','Castellano','N','S','S','N',NULL,NULL,1,'63 - GRADO EN INGENIERÍA INFORMÁTICA','2018-19','11/02/2019 11:41'),(6366,'GESTIÓN DE PROYECTOS',3,'SEMESTRE: 1',54,27,2,101,1000412,'LOPEZ NOZAL, Carlos',13.5,'Castellano','Castellano','N','S','S','N',NULL,NULL,1,'63 - GRADO EN INGENIERÍA INFORMÁTICA','2018-19','11/02/2019 11:41'),(6366,'GESTIÓN DE PROYECTOS',3,'SEMESTRE: 1',54,27,2,102,63766,'GALAN ORDAX, Jose Manuel',13.5,'Castellano','Castellano','N','S','S','N',NULL,NULL,1,'63 - GRADO EN INGENIERÍA INFORMÁTICA','2018-19','11/02/2019 11:41'),(6366,'GESTIÓN DE PROYECTOS',3,'SEMESTRE: 1',54,27,2,102,1000412,'LOPEZ NOZAL, Carlos',13.5,'Castellano','Castellano','N','S','S','N',NULL,NULL,1,'63 - GRADO EN INGENIERÍA INFORMÁTICA','2018-19','11/02/2019 11:41'),(6366,'GESTIÓN DE PROYECTOS',3,'SEMESTRE: 1',54,27,1,90,63766,'GALAN ORDAX, Jose Manuel',13.5,'Castellano','Castellano','S','S','S','S',NULL,NULL,1,'63 - GRADO EN INGENIERÍA INFORMÁTICA','2018-19','11/02/2019 11:41'),(6366,'GESTIÓN DE PROYECTOS',3,'SEMESTRE: 1',54,27,1,90,1000412,'LOPEZ NOZAL, Carlos',13.5,'Castellano','Castellano','S','S','S','S',NULL,NULL,1,'63 - GRADO EN INGENIERÍA INFORMÁTICA','2018-19','11/02/2019 11:41'),(6366,'GESTIÓN DE PROYECTOS',3,'SEMESTRE: 1',54,27,2,901,63766,'GALAN ORDAX, Jose Manuel',13.5,'Castellano','Castellano','N','S','S','N',NULL,NULL,1,'63 - GRADO EN INGENIERÍA INFORMÁTICA','2018-19','11/02/2019 11:41'),(6366,'GESTIÓN DE PROYECTOS',3,'SEMESTRE: 1',54,27,2,901,1000412,'LOPEZ NOZAL, Carlos',13.5,'Castellano','Castellano','N','S','S','N',NULL,NULL,1,'63 - GRADO EN INGENIERÍA INFORMÁTICA','2018-19','11/02/2019 11:41'),(6365,'SISTEMAS INTELIGENTES',3,'SEMESTRE: 1',54,27,1,1,55897,'DIEZ PASTOR, Jose Francisco',27,'Castellano','Castellano','S','S','S','N',NULL,NULL,1,'63 - GRADO EN INGENIERÍA INFORMÁTICA','2018-19','11/02/2019 11:41'),(6365,'SISTEMAS INTELIGENTES',3,'SEMESTRE: 1',54,27,1,1,1000152,'GARCÍA OSORIO, César Ignacio',0,'Castellano','Castellano','N','S','N','S',NULL,NULL,1,'63 - GRADO EN INGENIERÍA INFORMÁTICA','2018-19','11/02/2019 11:41'),(6365,'SISTEMAS INTELIGENTES',3,'SEMESTRE: 1',54,27,2,101,55897,'DIEZ PASTOR, Jose Francisco',27,'Castellano','Castellano','N','S','S','N',NULL,NULL,1,'63 - GRADO EN INGENIERÍA INFORMÁTICA','2018-19','11/02/2019 11:41'),(6365,'SISTEMAS INTELIGENTES',3,'SEMESTRE: 1',54,27,2,102,55897,'DIEZ PASTOR, Jose Francisco',27,'Castellano','Castellano','N','S','S','N',NULL,NULL,1,'63 - GRADO EN INGENIERÍA INFORMÁTICA','2018-19','11/02/2019 11:41'),(6365,'SISTEMAS INTELIGENTES',3,'SEMESTRE: 1',54,27,1,90,53453,'ARNAIZ GONZALEZ, Alvar',27,'Castellano','Castellano','S','S','S','S',NULL,NULL,1,'63 - GRADO EN INGENIERÍA INFORMÁTICA','2018-19','11/02/2019 11:41'),(6365,'SISTEMAS INTELIGENTES',3,'SEMESTRE: 1',54,27,1,90,55897,'DIEZ PASTOR, Jose Francisco',0,'Castellano','Castellano','N','S','N','N',NULL,NULL,1,'63 - GRADO EN INGENIERÍA INFORMÁTICA','2018-19','11/02/2019 11:41'),(6365,'SISTEMAS INTELIGENTES',3,'SEMESTRE: 1',54,27,1,90,1000152,'GARCÍA OSORIO, César Ignacio',0,'Castellano','Castellano','N','S','N','S',NULL,NULL,1,'63 - GRADO EN INGENIERÍA INFORMÁTICA','2018-19','11/02/2019 11:41'),(6365,'SISTEMAS INTELIGENTES',3,'SEMESTRE: 1',54,27,2,901,53453,'ARNAIZ GONZALEZ, Alvar',27,'Castellano','Castellano','N','S','S','N',NULL,NULL,1,'63 - GRADO EN INGENIERÍA INFORMÁTICA','2018-19','11/02/2019 11:41'),(6370,'SEGURIDAD INFORMÁTICA',3,'SEMESTRE: 2',54,27,1,1,1000437,'PARDO AGUILAR, Ignacio',0,'Castellano','Castellano','N','S','N','N',NULL,NULL,1,'63 - GRADO EN INGENIERÍA INFORMÁTICA','2018-19','11/02/2019 11:41'),(6370,'SEGURIDAD INFORMÁTICA',3,'SEMESTRE: 2',54,27,1,1,1000505,'SAIZ DIEZ, Jose Manuel',27,'Castellano','Castellano','S','S','S','S',NULL,NULL,1,'63 - GRADO EN INGENIERÍA INFORMÁTICA','2018-19','11/02/2019 11:41'),(6370,'SEGURIDAD INFORMÁTICA',3,'SEMESTRE: 2',54,27,2,101,1000437,'PARDO AGUILAR, Ignacio',27,'Castellano','Castellano','N','S','S','N',NULL,NULL,1,'63 - GRADO EN INGENIERÍA INFORMÁTICA','2018-19','11/02/2019 11:41'),(6370,'SEGURIDAD INFORMÁTICA',3,'SEMESTRE: 2',54,27,2,102,1000437,'PARDO AGUILAR, Ignacio',27,'Castellano','Castellano','N','S','S','N',NULL,NULL,1,'63 - GRADO EN INGENIERÍA INFORMÁTICA','2018-19','11/02/2019 11:41'),(6370,'SEGURIDAD INFORMÁTICA',3,'SEMESTRE: 2',54,27,1,90,1000505,'SAIZ DIEZ, Jose Manuel',27,'Castellano','Castellano','S','S','S','S',NULL,NULL,1,'63 - GRADO EN INGENIERÍA INFORMÁTICA','2018-19','11/02/2019 11:41'),(6370,'SEGURIDAD INFORMÁTICA',3,'SEMESTRE: 2',54,27,2,901,1000505,'SAIZ DIEZ, Jose Manuel',27,'Castellano','Castellano','N','S','S','N',NULL,NULL,1,'63 - GRADO EN INGENIERÍA INFORMÁTICA','2018-19','11/02/2019 11:41'),(6369,'PROGRAMACIÓN CONCURRENTE Y DE TIEMPO REAL',3,'SEMESTRE: 2',54,27,1,1,43447,'GOMEZ MERINO, Maria Beatriz',13.5,'Castellano','Castellano','S','S','S','S',NULL,NULL,1,'63 - GRADO EN INGENIERÍA INFORMÁTICA','2018-19','11/02/2019 11:41'),(6369,'PROGRAMACIÓN CONCURRENTE Y DE TIEMPO REAL',3,'SEMESTRE: 2',54,27,1,1,1000412,'LOPEZ NOZAL, Carlos',0,'Castellano','Castellano','N','S','N','S',NULL,NULL,1,'63 - GRADO EN INGENIERÍA INFORMÁTICA','2018-19','11/02/2019 11:41'),(6369,'PROGRAMACIÓN CONCURRENTE Y DE TIEMPO REAL',3,'SEMESTRE: 2',54,27,1,1,1014514,'CAMBRA BASECA, Carlos',0,'Castellano','Castellano','N','S','N','N',NULL,NULL,1,'63 - GRADO EN INGENIERÍA INFORMÁTICA','2018-19','11/02/2019 11:41'),(6369,'PROGRAMACIÓN CONCURRENTE Y DE TIEMPO REAL',3,'SEMESTRE: 2',54,27,1,1,1015226,'ND PRAS SS CUATRO MAS CUATRO, UNO',13.5,'Castellano','Castellano','N','S','S','N',NULL,NULL,1,'63 - GRADO EN INGENIERÍA INFORMÁTICA','2018-19','11/02/2019 11:41'),(6369,'PROGRAMACIÓN CONCURRENTE Y DE TIEMPO REAL',3,'SEMESTRE: 2',54,27,2,101,43447,'GOMEZ MERINO, Maria Beatriz',13.5,'Castellano','Castellano','N','S','S','N',NULL,NULL,1,'63 - GRADO EN INGENIERÍA INFORMÁTICA','2018-19','11/02/2019 11:41'),(6369,'PROGRAMACIÓN CONCURRENTE Y DE TIEMPO REAL',3,'SEMESTRE: 2',54,27,2,101,1014514,'CAMBRA BASECA, Carlos',13.5,'Castellano','Castellano','N','S','S','N',NULL,NULL,1,'63 - GRADO EN INGENIERÍA INFORMÁTICA','2018-19','11/02/2019 11:41'),(6369,'PROGRAMACIÓN CONCURRENTE Y DE TIEMPO REAL',3,'SEMESTRE: 2',54,27,2,102,43447,'GOMEZ MERINO, Maria Beatriz',13.5,'Castellano','Castellano','N','S','S','N',NULL,NULL,1,'63 - GRADO EN INGENIERÍA INFORMÁTICA','2018-19','11/02/2019 11:41'),(6369,'PROGRAMACIÓN CONCURRENTE Y DE TIEMPO REAL',3,'SEMESTRE: 2',54,27,2,102,1014514,'CAMBRA BASECA, Carlos',13.5,'Castellano','Castellano','N','S','S','N',NULL,NULL,1,'63 - GRADO EN INGENIERÍA INFORMÁTICA','2018-19','11/02/2019 11:41'),(6369,'PROGRAMACIÓN CONCURRENTE Y DE TIEMPO REAL',3,'SEMESTRE: 2',54,27,1,90,43447,'GOMEZ MERINO, Maria Beatriz',13.5,'Castellano','Castellano','S','S','S','S',NULL,NULL,1,'63 - GRADO EN INGENIERÍA INFORMÁTICA','2018-19','11/02/2019 11:41'),(6369,'PROGRAMACIÓN CONCURRENTE Y DE TIEMPO REAL',3,'SEMESTRE: 2',54,27,1,90,1000412,'LOPEZ NOZAL, Carlos',13.5,'Castellano','Castellano','S','S','S','S',NULL,NULL,1,'63 - GRADO EN INGENIERÍA INFORMÁTICA','2018-19','11/02/2019 11:41'),(6369,'PROGRAMACIÓN CONCURRENTE Y DE TIEMPO REAL',3,'SEMESTRE: 2',54,27,1,90,1015226,'ND PRAS SS CUATRO MAS CUATRO, UNO',0,'Castellano','Castellano','N','S','N','N',NULL,NULL,1,'63 - GRADO EN INGENIERÍA INFORMÁTICA','2018-19','11/02/2019 11:41'),(6369,'PROGRAMACIÓN CONCURRENTE Y DE TIEMPO REAL',3,'SEMESTRE: 2',54,27,2,901,43447,'GOMEZ MERINO, Maria Beatriz',13.5,'Castellano','Castellano','N','S','S','N',NULL,NULL,1,'63 - GRADO EN INGENIERÍA INFORMÁTICA','2018-19','11/02/2019 11:41'),(6369,'PROGRAMACIÓN CONCURRENTE Y DE TIEMPO REAL',3,'SEMESTRE: 2',54,27,2,901,1015226,'ND PRAS SS CUATRO MAS CUATRO, UNO',13.5,'Castellano','Castellano','N','S','S','N',NULL,NULL,1,'63 - GRADO EN INGENIERÍA INFORMÁTICA','2018-19','11/02/2019 11:41'),(6373,'MÉTODOS NUMÉRICOS Y OPTIMIZACIÓN',3,'SEMESTRE: 2',54,27,1,1,46290,'ZAPATERO MORENO, Maria Jose',27,'Castellano','Castellano','S','S','S','S',NULL,NULL,1,'63 - GRADO EN INGENIERÍA INFORMÁTICA','2018-19','11/02/2019 11:41'),(6373,'MÉTODOS NUMÉRICOS Y OPTIMIZACIÓN',3,'SEMESTRE: 2',54,27,2,101,46290,'ZAPATERO MORENO, Maria Jose',27,'Castellano','Castellano','S','S','S','S',NULL,NULL,1,'63 - GRADO EN INGENIERÍA INFORMÁTICA','2018-19','11/02/2019 11:41'),(6373,'MÉTODOS NUMÉRICOS Y OPTIMIZACIÓN',3,'SEMESTRE: 2',54,27,2,102,46290,'ZAPATERO MORENO, Maria Jose',27,'Castellano','Castellano','S','S','S','S',NULL,NULL,1,'63 - GRADO EN INGENIERÍA INFORMÁTICA','2018-19','11/02/2019 11:41'),(6373,'MÉTODOS NUMÉRICOS Y OPTIMIZACIÓN',3,'SEMESTRE: 2',54,27,1,90,46290,'ZAPATERO MORENO, Maria Jose',27,'literal \' \' no encontrado','Completo','S','S','S','S',NULL,NULL,1,'63 - GRADO EN INGENIERÍA INFORMÁTICA','2018-19','11/02/2019 11:41'),(6373,'MÉTODOS NUMÉRICOS Y OPTIMIZACIÓN',3,'SEMESTRE: 2',54,27,2,901,46290,'ZAPATERO MORENO, Maria Jose',27,'literal \' \' no encontrado','Completo','S','S','S','S',NULL,NULL,1,'63 - GRADO EN INGENIERÍA INFORMÁTICA','2018-19','11/02/2019 11:41'),(6372,'ALGORITMIA',3,'SEMESTRE: 2',54,27,1,1,1000466,'RODRIGUEZ DIEZ, Juan Jose',27,'Castellano','Castellano','S','S','S','S',NULL,NULL,1,'63 - GRADO EN INGENIERÍA INFORMÁTICA','2018-19','11/02/2019 11:41'),(6372,'ALGORITMIA',3,'SEMESTRE: 2',54,27,1,1,1000637,'SIERRA GARCIA, Jesus Enrique',0,'Castellano','Castellano','N','S','N','N',NULL,NULL,1,'63 - GRADO EN INGENIERÍA INFORMÁTICA','2018-19','11/02/2019 11:41'),(6372,'ALGORITMIA',3,'SEMESTRE: 2',54,27,2,101,1000466,'RODRIGUEZ DIEZ, Juan Jose',0,'Castellano','Castellano','N','S','N','N',NULL,NULL,1,'63 - GRADO EN INGENIERÍA INFORMÁTICA','2018-19','11/02/2019 11:41'),(6372,'ALGORITMIA',3,'SEMESTRE: 2',54,27,2,101,1000637,'SIERRA GARCIA, Jesus Enrique',27,'Castellano','Castellano','N','S','S','N',NULL,NULL,1,'63 - GRADO EN INGENIERÍA INFORMÁTICA','2018-19','11/02/2019 11:41'),(6372,'ALGORITMIA',3,'SEMESTRE: 2',54,27,2,102,1000466,'RODRIGUEZ DIEZ, Juan Jose',0,'Castellano','Castellano','N','S','S','N',NULL,NULL,1,'63 - GRADO EN INGENIERÍA INFORMÁTICA','2018-19','11/02/2019 11:41'),(6372,'ALGORITMIA',3,'SEMESTRE: 2',54,27,2,102,1000637,'SIERRA GARCIA, Jesus Enrique',27,'Castellano','Castellano','N','S','S','N',NULL,NULL,1,'63 - GRADO EN INGENIERÍA INFORMÁTICA','2018-19','11/02/2019 11:41'),(6372,'ALGORITMIA',3,'SEMESTRE: 2',54,27,1,90,1000466,'RODRIGUEZ DIEZ, Juan Jose',27,'Castellano','Castellano','S','S','S','S',NULL,NULL,1,'63 - GRADO EN INGENIERÍA INFORMÁTICA','2018-19','11/02/2019 11:41'),(6372,'ALGORITMIA',3,'SEMESTRE: 2',54,27,2,901,1000637,'SIERRA GARCIA, Jesus Enrique',27,'Castellano','Castellano','N','S','S','N',NULL,NULL,1,'63 - GRADO EN INGENIERÍA INFORMÁTICA','2018-19','11/02/2019 11:41'),(6371,'APLICACIONES DE BASES DE DATOS',3,'SEMESTRE: 2',54,27,1,1,55146,'MAUDES RAEDO, Jesus Manuel',13.5,'Castellano','Castellano','S','S','S','N',NULL,NULL,1,'63 - GRADO EN INGENIERÍA INFORMÁTICA','2018-19','11/02/2019 11:41'),(6371,'APLICACIONES DE BASES DE DATOS',3,'SEMESTRE: 2',54,27,1,1,1000287,'MARTICORENA SANCHEZ, Raul',13.5,'Castellano','Castellano','S','S','S','S',NULL,NULL,1,'63 - GRADO EN INGENIERÍA INFORMÁTICA','2018-19','11/02/2019 11:41'),(6371,'APLICACIONES DE BASES DE DATOS',3,'SEMESTRE: 2',54,27,2,101,55146,'MAUDES RAEDO, Jesus Manuel',13.5,'Castellano','Castellano','N','S','S','N',NULL,NULL,1,'63 - GRADO EN INGENIERÍA INFORMÁTICA','2018-19','11/02/2019 11:41'),(6371,'APLICACIONES DE BASES DE DATOS',3,'SEMESTRE: 2',54,27,2,101,1000287,'MARTICORENA SANCHEZ, Raul',13.5,'Castellano','Castellano','N','S','S','N',NULL,NULL,1,'63 - GRADO EN INGENIERÍA INFORMÁTICA','2018-19','11/02/2019 11:41'),(6371,'APLICACIONES DE BASES DE DATOS',3,'SEMESTRE: 2',54,27,2,102,55146,'MAUDES RAEDO, Jesus Manuel',13.5,'Castellano','Castellano','N','S','S','N',NULL,NULL,1,'63 - GRADO EN INGENIERÍA INFORMÁTICA','2018-19','11/02/2019 11:41'),(6371,'APLICACIONES DE BASES DE DATOS',3,'SEMESTRE: 2',54,27,2,102,1000287,'MARTICORENA SANCHEZ, Raul',13.5,'Castellano','Castellano','N','S','S','N',NULL,NULL,1,'63 - GRADO EN INGENIERÍA INFORMÁTICA','2018-19','11/02/2019 11:41'),(6371,'APLICACIONES DE BASES DE DATOS',3,'SEMESTRE: 2',54,27,1,90,1000287,'MARTICORENA SANCHEZ, Raul',13.5,'Castellano','Castellano','S','S','S','S',NULL,NULL,1,'63 - GRADO EN INGENIERÍA INFORMÁTICA','2018-19','11/02/2019 11:41'),(6371,'APLICACIONES DE BASES DE DATOS',3,'SEMESTRE: 2',54,27,1,90,1004835,'MARTINEZ ABAD, Mario',13.5,'Castellano','Castellano','N','S','S','N',NULL,NULL,1,'63 - GRADO EN INGENIERÍA INFORMÁTICA','2018-19','11/02/2019 11:41'),(6371,'APLICACIONES DE BASES DE DATOS',3,'SEMESTRE: 2',54,27,2,901,1000287,'MARTICORENA SANCHEZ, Raul',13.5,'Castellano','Castellano','N','S','S','N',NULL,NULL,1,'63 - GRADO EN INGENIERÍA INFORMÁTICA','2018-19','11/02/2019 11:41'),(6371,'APLICACIONES DE BASES DE DATOS',3,'SEMESTRE: 2',54,27,2,901,1004835,'MARTINEZ ABAD, Mario',13.5,'Castellano','Castellano','N','S','S','N',NULL,NULL,1,'63 - GRADO EN INGENIERÍA INFORMÁTICA','2018-19','11/02/2019 11:41'),(6391,'TRABAJO FIN DE GRADO',4,'SEMESTRE: 1',143.64,143.64,1,1,48887,'VAQUERIZO GARCIA, Maria Belen',3.69,'Castellano','Castellano','N','S','S','N',NULL,NULL,1,'63 - GRADO EN INGENIERÍA INFORMÁTICA','2018-19','11/02/2019 11:41'),(6391,'TRABAJO FIN DE GRADO',4,'SEMESTRE: 1',143.64,143.64,1,1,55897,'DIEZ PASTOR, Jose Francisco',1,'Castellano','Castellano','S','S','S','N',NULL,NULL,1,'63 - GRADO EN INGENIERÍA INFORMÁTICA','2018-19','11/02/2019 11:41'),(6391,'TRABAJO FIN DE GRADO',4,'SEMESTRE: 1',143.64,143.64,1,1,74642,'PARDO AGUILAR, Carlos',10.08,'Castellano','Castellano','S','S','S','S',NULL,NULL,1,'63 - GRADO EN INGENIERÍA INFORMÁTICA','2018-19','11/02/2019 11:41'),(6391,'TRABAJO FIN DE GRADO',4,'SEMESTRE: 1',143.64,143.64,1,1,1000152,'GARCÍA OSORIO, César Ignacio',1.84,'Castellano','Castellano','N','S','S','N',NULL,NULL,1,'63 - GRADO EN INGENIERÍA INFORMÁTICA','2018-19','11/02/2019 11:41'),(6391,'TRABAJO FIN DE GRADO',4,'SEMESTRE: 1',143.64,143.64,1,1,1000287,'MARTICORENA SANCHEZ, Raul',5.54,'Castellano','Castellano','N','S','S','N',NULL,NULL,1,'63 - GRADO EN INGENIERÍA INFORMÁTICA','2018-19','11/02/2019 11:41'),(6391,'TRABAJO FIN DE GRADO',4,'SEMESTRE: 1',143.64,143.64,1,1,1000412,'LOPEZ NOZAL, Carlos',13.77,'Castellano','Castellano','N','S','S','N',NULL,NULL,1,'63 - GRADO EN INGENIERÍA INFORMÁTICA','2018-19','11/02/2019 11:41'),(6391,'TRABAJO FIN DE GRADO',4,'SEMESTRE: 2',143.64,143.64,1,2,11045,'SANCHEZ ORTEGA, Pedro Luis',9,'Castellano','Castellano','N','S','S','N',NULL,NULL,1,'63 - GRADO EN INGENIERÍA INFORMÁTICA','2018-19','11/02/2019 11:41'),(6391,'TRABAJO FIN DE GRADO',4,'SEMESTRE: 2',143.64,143.64,1,2,29395,'REPRESA PEREZ, Cesar',18,'Castellano','Castellano','N','S','S','N',NULL,NULL,1,'63 - GRADO EN INGENIERÍA INFORMÁTICA','2018-19','11/02/2019 11:41'),(6391,'TRABAJO FIN DE GRADO',4,'SEMESTRE: 2',143.64,143.64,1,2,39809,'HERRERO COSIO, Alvaro',3.74,'Castellano','Castellano','N','S','S','N',NULL,NULL,1,'63 - GRADO EN INGENIERÍA INFORMÁTICA','2018-19','11/02/2019 11:41'),(6391,'TRABAJO FIN DE GRADO',4,'SEMESTRE: 2',143.64,143.64,1,2,40089,'BARUQUE ZANON, Bruno',9.27,'Castellano','Castellano','N','S','S','N',NULL,NULL,1,'63 - GRADO EN INGENIERÍA INFORMÁTICA','2018-19','11/02/2019 11:41'),(6391,'TRABAJO FIN DE GRADO',4,'SEMESTRE: 2',143.64,143.64,1,2,46455,'RENEDO FERNANDEZ, Pedro',3.69,'Castellano','Castellano','N','S','S','N',NULL,NULL,1,'63 - GRADO EN INGENIERÍA INFORMÁTICA','2018-19','11/02/2019 11:41'),(6391,'TRABAJO FIN DE GRADO',4,'SEMESTRE: 2',143.64,143.64,1,2,48887,'VAQUERIZO GARCIA, Maria Belen',3.69,'Castellano','Castellano','N','S','S','N',NULL,NULL,1,'63 - GRADO EN INGENIERÍA INFORMÁTICA','2018-19','11/02/2019 11:41'),(6391,'TRABAJO FIN DE GRADO',4,'SEMESTRE: 2',143.64,143.64,1,2,52186,'ARROYO PUENTE, Angel',34.82,'Castellano','Castellano','N','S','S','N',NULL,NULL,1,'63 - GRADO EN INGENIERÍA INFORMÁTICA','2018-19','11/02/2019 11:41'),(6391,'TRABAJO FIN DE GRADO',4,'SEMESTRE: 2',143.64,143.64,1,2,53453,'ARNAIZ GONZALEZ, Alvar',13.1,'Castellano','Castellano','N','S','S','N',NULL,NULL,1,'63 - GRADO EN INGENIERÍA INFORMÁTICA','2018-19','11/02/2019 11:41'),(6391,'TRABAJO FIN DE GRADO',4,'SEMESTRE: 2',143.64,143.64,1,2,55897,'DIEZ PASTOR, Jose Francisco',43.31,'Castellano','Castellano','S','S','S','N',NULL,NULL,1,'63 - GRADO EN INGENIERÍA INFORMÁTICA','2018-19','11/02/2019 11:41'),(6391,'TRABAJO FIN DE GRADO',4,'SEMESTRE: 2',143.64,143.64,1,2,63766,'GALAN ORDAX, Jose Manuel',3.78,'Castellano','Castellano','N','S','S','N',NULL,NULL,1,'63 - GRADO EN INGENIERÍA INFORMÁTICA','2018-19','11/02/2019 11:41'),(6391,'TRABAJO FIN DE GRADO',4,'SEMESTRE: 2',143.64,143.64,1,2,74642,'PARDO AGUILAR, Carlos',25.65,'Castellano','Castellano','S','S','S','S',NULL,NULL,1,'63 - GRADO EN INGENIERÍA INFORMÁTICA','2018-19','11/02/2019 11:41'),(6391,'TRABAJO FIN DE GRADO',4,'SEMESTRE: 2',143.64,143.64,1,2,1000287,'MARTICORENA SANCHEZ, Raul',5.58,'Castellano','Castellano','N','S','S','N',NULL,NULL,1,'63 - GRADO EN INGENIERÍA INFORMÁTICA','2018-19','11/02/2019 11:41'),(6391,'TRABAJO FIN DE GRADO',4,'SEMESTRE: 2',143.64,143.64,1,2,1000333,'MERINO GOMEZ, Alejandro',5.94,'Castellano','Castellano','N','S','S','N',NULL,NULL,1,'63 - GRADO EN INGENIERÍA INFORMÁTICA','2018-19','11/02/2019 11:41'),(6391,'TRABAJO FIN DE GRADO',4,'SEMESTRE: 2',143.64,143.64,1,2,1000412,'LOPEZ NOZAL, Carlos',25.65,'Castellano','Castellano','N','S','S','N',NULL,NULL,1,'63 - GRADO EN INGENIERÍA INFORMÁTICA','2018-19','11/02/2019 11:41'),(6391,'TRABAJO FIN DE GRADO',4,'SEMESTRE: 2',143.64,143.64,1,2,1000466,'RODRIGUEZ DIEZ, Juan Jose',1.84,'Castellano','Castellano','N','S','S','N',NULL,NULL,1,'63 - GRADO EN INGENIERÍA INFORMÁTICA','2018-19','11/02/2019 11:41'),(6391,'TRABAJO FIN DE GRADO',4,'SEMESTRE: 2',143.64,143.64,1,2,1000637,'SIERRA GARCIA, Jesus Enrique',3.69,'Castellano','Castellano','N','S','S','N',NULL,NULL,1,'63 - GRADO EN INGENIERÍA INFORMÁTICA','2018-19','11/02/2019 11:41'),(6391,'TRABAJO FIN DE GRADO',4,'SEMESTRE: 1',143.64,143.64,1,90,63766,'GALAN ORDAX, Jose Manuel',1,'Castellano','Castellano','N','S','S','N',NULL,NULL,1,'63 - GRADO EN INGENIERÍA INFORMÁTICA','2018-19','11/02/2019 11:41'),(6391,'TRABAJO FIN DE GRADO',4,'SEMESTRE: 1',143.64,143.64,1,90,74642,'PARDO AGUILAR, Carlos',1,'Castellano','Castellano','N','S','S','N',NULL,NULL,1,'63 - GRADO EN INGENIERÍA INFORMÁTICA','2018-19','11/02/2019 11:41'),(6391,'TRABAJO FIN DE GRADO',4,'SEMESTRE: 1',143.64,143.64,1,90,1000333,'MERINO GOMEZ, Alejandro',1,'Castellano','Castellano','S','S','S','N',NULL,NULL,1,'63 - GRADO EN INGENIERÍA INFORMÁTICA','2018-19','11/02/2019 11:41'),(6391,'TRABAJO FIN DE GRADO',4,'SEMESTRE: 1',143.64,143.64,1,90,1000412,'LOPEZ NOZAL, Carlos',13.5,'Castellano','Castellano','S','S','S','S',NULL,NULL,1,'63 - GRADO EN INGENIERÍA INFORMÁTICA','2018-19','11/02/2019 11:41'),(6391,'TRABAJO FIN DE GRADO',4,'SEMESTRE: 2',143.64,143.64,1,91,29395,'REPRESA PEREZ, Cesar',13,'Castellano','Castellano','N','S','S','N',NULL,NULL,1,'63 - GRADO EN INGENIERÍA INFORMÁTICA','2018-19','11/02/2019 11:41'),(6391,'TRABAJO FIN DE GRADO',4,'SEMESTRE: 2',143.64,143.64,1,91,63766,'GALAN ORDAX, Jose Manuel',1,'Castellano','Castellano','N','S','S','N',NULL,NULL,1,'63 - GRADO EN INGENIERÍA INFORMÁTICA','2018-19','11/02/2019 11:41'),(6391,'TRABAJO FIN DE GRADO',4,'SEMESTRE: 2',143.64,143.64,1,91,74642,'PARDO AGUILAR, Carlos',1,'Castellano','Castellano','N','S','S','N',NULL,NULL,1,'63 - GRADO EN INGENIERÍA INFORMÁTICA','2018-19','11/02/2019 11:41'),(6391,'TRABAJO FIN DE GRADO',4,'SEMESTRE: 2',143.64,143.64,1,91,1000333,'MERINO GOMEZ, Alejandro',9,'Castellano','Castellano','S','S','S','N',NULL,NULL,1,'63 - GRADO EN INGENIERÍA INFORMÁTICA','2018-19','11/02/2019 11:41'),(6391,'TRABAJO FIN DE GRADO',4,'SEMESTRE: 2',143.64,143.64,1,91,1000412,'LOPEZ NOZAL, Carlos',13.5,'Castellano','Castellano','S','S','S','S',NULL,NULL,1,'63 - GRADO EN INGENIERÍA INFORMÁTICA','2018-19','11/02/2019 11:41'),(6374,'CONTROL POR COMPUTADOR',4,'SEMESTRE: 1',54,27,1,1,24173,'SARABIA ORTIZ, Daniel',0,'Castellano','Castellano','N','S','N','N',NULL,NULL,1,'63 - GRADO EN INGENIERÍA INFORMÁTICA','2018-19','11/02/2019 11:41'),(6374,'CONTROL POR COMPUTADOR',4,'SEMESTRE: 1',54,27,2,101,0,'Sin asignar',NULL,'nan','nan','nan','nan','nan','nan',NULL,NULL,1,'63 - GRADO EN INGENIERÍA INFORMÁTICA','2018-19','11/02/2019 11:41'),(6379,'ORGANIZACIÓN Y GESTIÓN DE EMPRESAS',4,'SEMESTRE: 1',54,27,1,1,46161,'IZQUIERDO MILLAN, Luis Rodrigo',13.5,'Castellano','Castellano','N','S','S','N',NULL,NULL,1,'63 - GRADO EN INGENIERÍA INFORMÁTICA','2018-19','11/02/2019 11:41'),(6379,'ORGANIZACIÓN Y GESTIÓN DE EMPRESAS',4,'SEMESTRE: 1',54,27,1,1,63766,'GALAN ORDAX, Jose Manuel',13.5,'Castellano','Castellano','S','S','S','S',NULL,NULL,1,'63 - GRADO EN INGENIERÍA INFORMÁTICA','2018-19','11/02/2019 11:41'),(6379,'ORGANIZACIÓN Y GESTIÓN DE EMPRESAS',4,'SEMESTRE: 1',54,27,1,1,72176,'AHEDO GARCIA, Virginia',0,'Castellano','Castellano','N','S','N','N',NULL,NULL,1,'63 - GRADO EN INGENIERÍA INFORMÁTICA','2018-19','11/02/2019 11:41'),(6379,'ORGANIZACIÓN Y GESTIÓN DE EMPRESAS',4,'SEMESTRE: 1',54,27,2,101,63766,'GALAN ORDAX, Jose Manuel',13.5,'Castellano','Castellano','N','S','S','N',NULL,NULL,1,'63 - GRADO EN INGENIERÍA INFORMÁTICA','2018-19','11/02/2019 11:41'),(6379,'ORGANIZACIÓN Y GESTIÓN DE EMPRESAS',4,'SEMESTRE: 1',54,27,2,101,72176,'AHEDO GARCIA, Virginia',13.5,'Castellano','Castellano','N','S','S','N',NULL,NULL,1,'63 - GRADO EN INGENIERÍA INFORMÁTICA','2018-19','11/02/2019 11:41'),(6379,'ORGANIZACIÓN Y GESTIÓN DE EMPRESAS',4,'SEMESTRE: 1',54,27,1,90,46161,'IZQUIERDO MILLAN, Luis Rodrigo',0,'Castellano','Castellano','N','S','N','N',NULL,NULL,1,'63 - GRADO EN INGENIERÍA INFORMÁTICA','2018-19','11/02/2019 11:41'),(6379,'ORGANIZACIÓN Y GESTIÓN DE EMPRESAS',4,'SEMESTRE: 1',54,27,1,90,57862,'SANTOS MARTIN, Jose Ignacio',40.5,'Castellano','Castellano','S','S','S','S',NULL,NULL,1,'63 - GRADO EN INGENIERÍA INFORMÁTICA','2018-19','11/02/2019 11:41'),(6379,'ORGANIZACIÓN Y GESTIÓN DE EMPRESAS',4,'SEMESTRE: 1',54,27,1,90,63766,'GALAN ORDAX, Jose Manuel',0,'Castellano','Castellano','S','S','N','N',NULL,NULL,1,'63 - GRADO EN INGENIERÍA INFORMÁTICA','2018-19','11/02/2019 11:41'),(6379,'ORGANIZACIÓN Y GESTIÓN DE EMPRESAS',4,'SEMESTRE: 1',54,27,2,901,46161,'IZQUIERDO MILLAN, Luis Rodrigo',6.75,'Castellano','Castellano','N','S','S','N',NULL,NULL,1,'63 - GRADO EN INGENIERÍA INFORMÁTICA','2018-19','11/02/2019 11:41'),(6379,'ORGANIZACIÓN Y GESTIÓN DE EMPRESAS',4,'SEMESTRE: 1',54,27,2,901,57862,'SANTOS MARTIN, Jose Ignacio',27,'Castellano','Castellano','N','S','S','N',NULL,NULL,1,'63 - GRADO EN INGENIERÍA INFORMÁTICA','2018-19','11/02/2019 11:41'),(6379,'ORGANIZACIÓN Y GESTIÓN DE EMPRESAS',4,'SEMESTRE: 1',54,27,2,901,63766,'GALAN ORDAX, Jose Manuel',6.75,'Castellano','Castellano','N','S','S','N',NULL,NULL,1,'63 - GRADO EN INGENIERÍA INFORMÁTICA','2018-19','11/02/2019 11:41'),(6381,'HARDWARE DE APLICACIÓN ESPECÍFICA',4,'SEMESTRE: 1',54,27,1,1,29395,'REPRESA PEREZ, Cesar',27,'Castellano','Castellano','S','S','S','S',NULL,NULL,1,'63 - GRADO EN INGENIERÍA INFORMÁTICA','2018-19','11/02/2019 11:41'),(6381,'HARDWARE DE APLICACIÓN ESPECÍFICA',4,'SEMESTRE: 1',54,27,2,101,29395,'REPRESA PEREZ, Cesar',27,'Castellano','Castellano','N','S','S','N',NULL,NULL,1,'63 - GRADO EN INGENIERÍA INFORMÁTICA','2018-19','11/02/2019 11:41'),(6376,'VALIDACIÓN Y PRUEBAS',4,'SEMESTRE: 1',54,27,1,1,46455,'RENEDO FERNANDEZ, Pedro',26,'Castellano','Castellano','S','S','S','S',NULL,NULL,1,'63 - GRADO EN INGENIERÍA INFORMÁTICA','2018-19','11/02/2019 11:41'),(6376,'VALIDACIÓN Y PRUEBAS',4,'SEMESTRE: 1',54,27,1,1,74642,'PARDO AGUILAR, Carlos',1,'Castellano','Castellano','S','S','S','N',NULL,NULL,1,'63 - GRADO EN INGENIERÍA INFORMÁTICA','2018-19','11/02/2019 11:41'),(6376,'VALIDACIÓN Y PRUEBAS',4,'SEMESTRE: 1',54,27,2,101,46455,'RENEDO FERNANDEZ, Pedro',27,'Castellano','Castellano','N','S','S','N',NULL,NULL,1,'63 - GRADO EN INGENIERÍA INFORMÁTICA','2018-19','11/02/2019 11:41'),(6376,'VALIDACIÓN Y PRUEBAS',4,'SEMESTRE: 1',54,27,1,90,46455,'RENEDO FERNANDEZ, Pedro',39,'Castellano','Castellano','S','S','S','N',NULL,NULL,1,'63 - GRADO EN INGENIERÍA INFORMÁTICA','2018-19','11/02/2019 11:41'),(6376,'VALIDACIÓN Y PRUEBAS',4,'SEMESTRE: 1',54,27,1,90,74642,'PARDO AGUILAR, Carlos',1.5,'Castellano','Castellano','S','S','S','N',NULL,NULL,1,'63 - GRADO EN INGENIERÍA INFORMÁTICA','2018-19','11/02/2019 11:41'),(6376,'VALIDACIÓN Y PRUEBAS',4,'SEMESTRE: 1',54,27,2,901,46455,'RENEDO FERNANDEZ, Pedro',40.5,'Castellano','Castellano','N','S','S','N',NULL,NULL,1,'63 - GRADO EN INGENIERÍA INFORMÁTICA','2018-19','11/02/2019 11:41'),(6375,'DISEÑO E IMPLEMENTACIÓN DE SISTEMAS DIGITALES',4,'SEMESTRE: 1',54,27,1,1,74916,'LOZANO PEREZ, Miguel Angel',27,'Castellano','Castellano','S','S','S','S',NULL,NULL,1,'63 - GRADO EN INGENIERÍA INFORMÁTICA','2018-19','11/02/2019 11:41'),(6375,'DISEÑO E IMPLEMENTACIÓN DE SISTEMAS DIGITALES',4,'SEMESTRE: 1',54,27,2,101,74916,'LOZANO PEREZ, Miguel Angel',27,'Castellano','Castellano','N','S','S','N',NULL,NULL,1,'63 - GRADO EN INGENIERÍA INFORMÁTICA','2018-19','11/02/2019 11:41'),(6383,'PROGRAMACIÓN DE SISTEMAS OPERATIVOS',4,'SEMESTRE: 1',54,27,1,1,0,'Sin asignar',NULL,'Castellano','nan','nan','nan','nan','nan',NULL,NULL,1,'63 - GRADO EN INGENIERÍA INFORMÁTICA','2018-19','11/02/2019 11:41'),(6383,'PROGRAMACIÓN DE SISTEMAS OPERATIVOS',4,'SEMESTRE: 1',54,27,2,101,0,'Sin asignar',NULL,'Castellano','nan','nan','nan','nan','nan',NULL,NULL,1,'63 - GRADO EN INGENIERÍA INFORMÁTICA','2018-19','11/02/2019 11:41'),(6377,'GESTIÓN DE LA INFORMACIÓN',4,'SEMESTRE: 1',54,27,1,1,63766,'GALAN ORDAX, Jose Manuel',27,'Castellano','Castellano','S','S','S','S',NULL,NULL,1,'63 - GRADO EN INGENIERÍA INFORMÁTICA','2018-19','11/02/2019 11:41'),(6377,'GESTIÓN DE LA INFORMACIÓN',4,'SEMESTRE: 1',54,27,1,1,72176,'AHEDO GARCIA, Virginia',0,'Castellano','Castellano','N','S','N','N',NULL,NULL,1,'63 - GRADO EN INGENIERÍA INFORMÁTICA','2018-19','11/02/2019 11:41'),(6377,'GESTIÓN DE LA INFORMACIÓN',4,'SEMESTRE: 1',54,27,2,101,63766,'GALAN ORDAX, Jose Manuel',13.5,'Castellano','Castellano','N','S','S','N',NULL,NULL,1,'63 - GRADO EN INGENIERÍA INFORMÁTICA','2018-19','11/02/2019 11:41'),(6377,'GESTIÓN DE LA INFORMACIÓN',4,'SEMESTRE: 1',54,27,2,101,72176,'AHEDO GARCIA, Virginia',13.5,'Castellano','Castellano','N','S','S','N',NULL,NULL,1,'63 - GRADO EN INGENIERÍA INFORMÁTICA','2018-19','11/02/2019 11:41'),(6377,'GESTIÓN DE LA INFORMACIÓN',4,'SEMESTRE: 1',54,27,1,90,57862,'SANTOS MARTIN, Jose Ignacio',36,'Castellano','Castellano','S','S','S','N',NULL,NULL,1,'63 - GRADO EN INGENIERÍA INFORMÁTICA','2018-19','11/02/2019 11:41'),(6377,'GESTIÓN DE LA INFORMACIÓN',4,'SEMESTRE: 1',54,27,1,90,63766,'GALAN ORDAX, Jose Manuel',4.5,'Castellano','Castellano','S','S','S','N',NULL,NULL,1,'63 - GRADO EN INGENIERÍA INFORMÁTICA','2018-19','11/02/2019 11:41'),(6377,'GESTIÓN DE LA INFORMACIÓN',4,'SEMESTRE: 1',54,27,2,901,57862,'SANTOS MARTIN, Jose Ignacio',36,'Castellano','Castellano','N','S','S','N',NULL,NULL,1,'63 - GRADO EN INGENIERÍA INFORMÁTICA','2018-19','11/02/2019 11:41'),(6377,'GESTIÓN DE LA INFORMACIÓN',4,'SEMESTRE: 1',54,27,2,901,63766,'GALAN ORDAX, Jose Manuel',4.5,'Castellano','Castellano','N','S','S','N',NULL,NULL,1,'63 - GRADO EN INGENIERÍA INFORMÁTICA','2018-19','11/02/2019 11:41'),(6382,'COMPUTACIÓN NEURONAL Y EVOLUTIVA',4,'SEMESTRE: 1',54,27,1,1,39809,'HERRERO COSIO, Alvaro',13.5,'Castellano','Castellano','S','S','S','N',NULL,NULL,1,'63 - GRADO EN INGENIERÍA INFORMÁTICA','2018-19','11/02/2019 11:41'),(6382,'COMPUTACIÓN NEURONAL Y EVOLUTIVA',4,'SEMESTRE: 1',54,27,1,1,40089,'BARUQUE ZANON, Bruno',13.5,'Castellano','Castellano','S','S','S','N',NULL,NULL,1,'63 - GRADO EN INGENIERÍA INFORMÁTICA','2018-19','11/02/2019 11:41'),(6382,'COMPUTACIÓN NEURONAL Y EVOLUTIVA',4,'SEMESTRE: 1',54,27,2,101,39809,'HERRERO COSIO, Alvaro',13.5,'Castellano','Castellano','N','S','S','N',NULL,NULL,1,'63 - GRADO EN INGENIERÍA INFORMÁTICA','2018-19','11/02/2019 11:41'),(6382,'COMPUTACIÓN NEURONAL Y EVOLUTIVA',4,'SEMESTRE: 1',54,27,2,101,40089,'BARUQUE ZANON, Bruno',13.5,'Castellano','Castellano','N','S','S','N',NULL,NULL,1,'63 - GRADO EN INGENIERÍA INFORMÁTICA','2018-19','11/02/2019 11:41'),(6382,'COMPUTACIÓN NEURONAL Y EVOLUTIVA',4,'SEMESTRE: 1',54,27,1,90,39809,'HERRERO COSIO, Alvaro',20.25,'Castellano','Castellano','S','S','S','S',NULL,NULL,1,'63 - GRADO EN INGENIERÍA INFORMÁTICA','2018-19','11/02/2019 11:41'),(6382,'COMPUTACIÓN NEURONAL Y EVOLUTIVA',4,'SEMESTRE: 1',54,27,1,90,40089,'BARUQUE ZANON, Bruno',20.25,'Castellano','Castellano','S','S','S','N',NULL,NULL,1,'63 - GRADO EN INGENIERÍA INFORMÁTICA','2018-19','11/02/2019 11:41'),(6382,'COMPUTACIÓN NEURONAL Y EVOLUTIVA',4,'SEMESTRE: 1',54,27,2,901,39809,'HERRERO COSIO, Alvaro',20.25,'Castellano','Castellano','N','S','S','N',NULL,NULL,1,'63 - GRADO EN INGENIERÍA INFORMÁTICA','2018-19','11/02/2019 11:41'),(6382,'COMPUTACIÓN NEURONAL Y EVOLUTIVA',4,'SEMESTRE: 1',54,27,2,901,40089,'BARUQUE ZANON, Bruno',20.25,'Castellano','Castellano','N','S','S','N',NULL,NULL,1,'63 - GRADO EN INGENIERÍA INFORMÁTICA','2018-19','11/02/2019 11:41'),(6378,'DISEÑO Y MANTENIMIENTO DEL SOFTWARE',4,'SEMESTRE: 1',54,27,1,1,40816,'ALONSO ABAD, Jesus Maria',27,'Castellano','Castellano','S','S','S','N',NULL,NULL,1,'63 - GRADO EN INGENIERÍA INFORMÁTICA','2018-19','11/02/2019 11:41'),(6378,'DISEÑO Y MANTENIMIENTO DEL SOFTWARE',4,'SEMESTRE: 1',54,27,1,1,1000412,'LOPEZ NOZAL, Carlos',0,'Castellano','Castellano','N','S','N','S',NULL,NULL,1,'63 - GRADO EN INGENIERÍA INFORMÁTICA','2018-19','11/02/2019 11:41'),(6378,'DISEÑO Y MANTENIMIENTO DEL SOFTWARE',4,'SEMESTRE: 1',54,27,2,101,40816,'ALONSO ABAD, Jesus Maria',27,'Castellano','Castellano','N','S','S','N',NULL,NULL,1,'63 - GRADO EN INGENIERÍA INFORMÁTICA','2018-19','11/02/2019 11:41'),(6390,'PRÁCTICAS EN EMPRESA',4,'SEMESTRE: 1',10.8,10.8,1,1,52186,'ARROYO PUENTE, Angel',1,'Castellano','Castellano','S','S','S','S',NULL,NULL,1,'63 - GRADO EN INGENIERÍA INFORMÁTICA','2018-19','11/02/2019 11:41'),(6390,'PRÁCTICAS EN EMPRESA',4,'SEMESTRE: 2',10.8,10.8,1,2,52186,'ARROYO PUENTE, Angel',1,'Castellano','Castellano','N','S','S','S',NULL,NULL,1,'63 - GRADO EN INGENIERÍA INFORMÁTICA','2018-19','11/02/2019 11:41'),(6380,'MANTENIMIENTO DE EQUIPOS INFORMÁTICOS',4,'SEMESTRE: 1',54,27,1,1,56881,'MORENO VELASCO, Ignacio',27,'Castellano','Castellano','S','S','S','S',NULL,NULL,1,'63 - GRADO EN INGENIERÍA INFORMÁTICA','2018-19','11/02/2019 11:41'),(6380,'MANTENIMIENTO DE EQUIPOS INFORMÁTICOS',4,'SEMESTRE: 1',54,27,2,101,56881,'MORENO VELASCO, Ignacio',27,'Castellano','Castellano','N','S','S','N',NULL,NULL,1,'63 - GRADO EN INGENIERÍA INFORMÁTICA','2018-19','11/02/2019 11:41'),(6386,'MÉTODOS FORMALES',4,'SEMESTRE: 2',54,27,1,1,0,'Sin asignar',NULL,'Castellano','nan','nan','nan','nan','nan',NULL,NULL,1,'63 - GRADO EN INGENIERÍA INFORMÁTICA','2018-19','11/02/2019 11:41'),(6386,'MÉTODOS FORMALES',4,'SEMESTRE: 2',54,27,2,101,0,'Sin asignar',NULL,'nan','nan','nan','nan','nan','nan',NULL,NULL,1,'63 - GRADO EN INGENIERÍA INFORMÁTICA','2018-19','11/02/2019 11:41'),(6386,'MÉTODOS FORMALES',4,'SEMESTRE: 2',54,27,1,90,1000152,'GARCÍA OSORIO, César Ignacio',0,'Castellano','Castellano','N','S','N','N',NULL,NULL,1,'63 - GRADO EN INGENIERÍA INFORMÁTICA','2018-19','11/02/2019 11:41'),(6386,'MÉTODOS FORMALES',4,'SEMESTRE: 2',54,27,1,90,1000637,'SIERRA GARCIA, Jesus Enrique',0,'Castellano','Castellano','N','S','S','N',NULL,NULL,1,'63 - GRADO EN INGENIERÍA INFORMÁTICA','2018-19','11/02/2019 11:41'),(6386,'MÉTODOS FORMALES',4,'SEMESTRE: 2',54,27,2,901,1000637,'SIERRA GARCIA, Jesus Enrique',0,'Castellano','Castellano','N','S','S','N',NULL,NULL,1,'63 - GRADO EN INGENIERÍA INFORMÁTICA','2018-19','11/02/2019 11:41'),(6387,'NUEVAS TECNOLOGÍAS Y EMPRESA',4,'SEMESTRE: 2',54,27,1,1,63766,'GALAN ORDAX, Jose Manuel',27,'Castellano','Castellano','S','S','S','S',NULL,NULL,1,'63 - GRADO EN INGENIERÍA INFORMÁTICA','2018-19','11/02/2019 11:41'),(6387,'NUEVAS TECNOLOGÍAS Y EMPRESA',4,'SEMESTRE: 2',54,27,1,1,72176,'AHEDO GARCIA, Virginia',0,'Castellano','Castellano','N','S','N','N',NULL,NULL,1,'63 - GRADO EN INGENIERÍA INFORMÁTICA','2018-19','11/02/2019 11:41'),(6387,'NUEVAS TECNOLOGÍAS Y EMPRESA',4,'SEMESTRE: 2',54,27,2,101,72176,'AHEDO GARCIA, Virginia',27,'Castellano','Castellano','N','S','S','N',NULL,NULL,1,'63 - GRADO EN INGENIERÍA INFORMÁTICA','2018-19','11/02/2019 11:41'),(6387,'NUEVAS TECNOLOGÍAS Y EMPRESA',4,'SEMESTRE: 2',54,27,1,90,57862,'SANTOS MARTIN, Jose Ignacio',36,'Castellano','Castellano','S','S','S','N',NULL,NULL,1,'63 - GRADO EN INGENIERÍA INFORMÁTICA','2018-19','11/02/2019 11:41'),(6387,'NUEVAS TECNOLOGÍAS Y EMPRESA',4,'SEMESTRE: 2',54,27,1,90,63766,'GALAN ORDAX, Jose Manuel',4.5,'Castellano','Castellano','S','S','S','N',NULL,NULL,1,'63 - GRADO EN INGENIERÍA INFORMÁTICA','2018-19','11/02/2019 11:41'),(6387,'NUEVAS TECNOLOGÍAS Y EMPRESA',4,'SEMESTRE: 2',54,27,2,901,57862,'SANTOS MARTIN, Jose Ignacio',36,'Castellano','Castellano','N','S','S','N',NULL,NULL,1,'63 - GRADO EN INGENIERÍA INFORMÁTICA','2018-19','11/02/2019 11:41'),(6387,'NUEVAS TECNOLOGÍAS Y EMPRESA',4,'SEMESTRE: 2',54,27,2,901,63766,'GALAN ORDAX, Jose Manuel',4.5,'Castellano','Castellano','N','S','S','N',NULL,NULL,1,'63 - GRADO EN INGENIERÍA INFORMÁTICA','2018-19','11/02/2019 11:41'),(6388,'MINERÍA DE DATOS',4,'SEMESTRE: 2',54,27,1,1,55897,'DIEZ PASTOR, Jose Francisco',0,'Castellano','Castellano','N','S','N','N',NULL,NULL,1,'63 - GRADO EN INGENIERÍA INFORMÁTICA','2018-19','11/02/2019 11:41'),(6388,'MINERÍA DE DATOS',4,'SEMESTRE: 2',54,27,1,1,1000466,'RODRIGUEZ DIEZ, Juan Jose',27,'Castellano','Castellano','S','S','S','S',NULL,NULL,1,'63 - GRADO EN INGENIERÍA INFORMÁTICA','2018-19','11/02/2019 11:41'),(6388,'MINERÍA DE DATOS',4,'SEMESTRE: 2',54,27,2,101,55897,'DIEZ PASTOR, Jose Francisco',27,'Castellano','Castellano','N','S','S','N',NULL,NULL,1,'63 - GRADO EN INGENIERÍA INFORMÁTICA','2018-19','11/02/2019 11:41'),(6388,'MINERÍA DE DATOS',4,'SEMESTRE: 2',54,27,1,90,55897,'DIEZ PASTOR, Jose Francisco',0,'Castellano','Castellano','N','S','N','N',NULL,NULL,1,'63 - GRADO EN INGENIERÍA INFORMÁTICA','2018-19','11/02/2019 11:41'),(6388,'MINERÍA DE DATOS',4,'SEMESTRE: 2',54,27,1,90,1000466,'RODRIGUEZ DIEZ, Juan Jose',40.5,'Castellano','Castellano','S','S','S','S',NULL,NULL,1,'63 - GRADO EN INGENIERÍA INFORMÁTICA','2018-19','11/02/2019 11:41'),(6388,'MINERÍA DE DATOS',4,'SEMESTRE: 2',54,27,2,901,55897,'DIEZ PASTOR, Jose Francisco',27,'Castellano','Castellano','N','S','S','N',NULL,NULL,1,'63 - GRADO EN INGENIERÍA INFORMÁTICA','2018-19','11/02/2019 11:41'),(6389,'DESARROLLO AVANZADO DE SISTEMAS SOFTWARE',4,'SEMESTRE: 2',54,27,1,1,40816,'ALONSO ABAD, Jesus Maria',0,'Castellano','Castellano','N','S','N','N',NULL,NULL,1,'63 - GRADO EN INGENIERÍA INFORMÁTICA','2018-19','11/02/2019 11:41'),(6389,'DESARROLLO AVANZADO DE SISTEMAS SOFTWARE',4,'SEMESTRE: 2',54,27,1,1,1000412,'LOPEZ NOZAL, Carlos',0,'Castellano','Castellano','N','S','N','S',NULL,NULL,1,'63 - GRADO EN INGENIERÍA INFORMÁTICA','2018-19','11/02/2019 11:41'),(6389,'DESARROLLO AVANZADO DE SISTEMAS SOFTWARE',4,'SEMESTRE: 2',54,27,1,1,1014514,'CAMBRA BASECA, Carlos',27,'Castellano','Castellano','S','S','S','N',NULL,NULL,1,'63 - GRADO EN INGENIERÍA INFORMÁTICA','2018-19','11/02/2019 11:41'),(6389,'DESARROLLO AVANZADO DE SISTEMAS SOFTWARE',4,'SEMESTRE: 2',54,27,2,101,40816,'ALONSO ABAD, Jesus Maria',27,'Castellano','Castellano','N','S','S','N',NULL,NULL,1,'63 - GRADO EN INGENIERÍA INFORMÁTICA','2018-19','11/02/2019 11:41'),(6389,'DESARROLLO AVANZADO DE SISTEMAS SOFTWARE',4,'SEMESTRE: 2',54,27,1,90,1000412,'LOPEZ NOZAL, Carlos',40.5,'Castellano','Castellano','S','S','S','S',NULL,NULL,1,'63 - GRADO EN INGENIERÍA INFORMÁTICA','2018-19','11/02/2019 11:41'),(6389,'DESARROLLO AVANZADO DE SISTEMAS SOFTWARE',4,'SEMESTRE: 2',54,27,2,901,1000412,'LOPEZ NOZAL, Carlos',40.5,'Castellano','Castellano','N','S','S','N',NULL,NULL,1,'63 - GRADO EN INGENIERÍA INFORMÁTICA','2018-19','11/02/2019 11:41'),(6384,'SISTEMAS DISTRIBUIDOS',4,'SEMESTRE: 2',54,27,1,1,13957,'SECO MARTINEZ, Joaquin Pedro',0,'Castellano','Castellano','N','S','N','N',NULL,NULL,1,'63 - GRADO EN INGENIERÍA INFORMÁTICA','2018-19','11/02/2019 11:41'),(6384,'SISTEMAS DISTRIBUIDOS',4,'SEMESTRE: 2',54,27,1,1,1000287,'MARTICORENA SANCHEZ, Raul',0,'Castellano','Castellano','S','S','N','S',NULL,NULL,1,'63 - GRADO EN INGENIERÍA INFORMÁTICA','2018-19','11/02/2019 11:41'),(6384,'SISTEMAS DISTRIBUIDOS',4,'SEMESTRE: 2',54,27,1,1,1015226,'ND PRAS SS CUATRO MAS CUATRO, UNO',27,'Castellano','Castellano','N','S','S','N',NULL,NULL,1,'63 - GRADO EN INGENIERÍA INFORMÁTICA','2018-19','11/02/2019 11:41'),(6384,'SISTEMAS DISTRIBUIDOS',4,'SEMESTRE: 2',54,27,2,101,13957,'SECO MARTINEZ, Joaquin Pedro',27,'Castellano','Castellano','N','S','S','N',NULL,NULL,1,'63 - GRADO EN INGENIERÍA INFORMÁTICA','2018-19','11/02/2019 11:41'),(6384,'SISTEMAS DISTRIBUIDOS',4,'SEMESTRE: 2',54,27,1,90,13957,'SECO MARTINEZ, Joaquin Pedro',13.5,'Castellano','Castellano','N','S','S','N',NULL,NULL,1,'63 - GRADO EN INGENIERÍA INFORMÁTICA','2018-19','11/02/2019 11:41'),(6384,'SISTEMAS DISTRIBUIDOS',4,'SEMESTRE: 2',54,27,1,90,1000287,'MARTICORENA SANCHEZ, Raul',27,'Castellano','Castellano','S','S','S','S',NULL,NULL,1,'63 - GRADO EN INGENIERÍA INFORMÁTICA','2018-19','11/02/2019 11:41'),(6384,'SISTEMAS DISTRIBUIDOS',4,'SEMESTRE: 2',54,27,2,901,13957,'SECO MARTINEZ, Joaquin Pedro',40.5,'Castellano','Castellano','N','S','S','N',NULL,NULL,1,'63 - GRADO EN INGENIERÍA INFORMÁTICA','2018-19','11/02/2019 11:41'),(6385,'SISTEMAS EMPOTRADOS Y DE TIEMPO REAL',4,'SEMESTRE: 2',54,27,1,1,72013,'MEDINA FERNANDEZ, Sergio',27,'Castellano','Castellano','S','S','S','S',NULL,NULL,1,'63 - GRADO EN INGENIERÍA INFORMÁTICA','2018-19','11/02/2019 11:41'),(6385,'SISTEMAS EMPOTRADOS Y DE TIEMPO REAL',4,'SEMESTRE: 2',54,27,2,101,72013,'MEDINA FERNANDEZ, Sergio',27,'literal \' \' no encontrado','Completo','N','S','S','N',NULL,NULL,1,'63 - GRADO EN INGENIERÍA INFORMÁTICA','2018-19','11/02/2019 11:41'),(6385,'SISTEMAS EMPOTRADOS Y DE TIEMPO REAL',4,'SEMESTRE: 2',54,27,1,90,0,'Sin asignar',NULL,'Castellano','nan','nan','nan','nan','nan',NULL,NULL,1,'63 - GRADO EN INGENIERÍA INFORMÁTICA','2018-19','11/02/2019 11:41'),(6385,'SISTEMAS EMPOTRADOS Y DE TIEMPO REAL',4,'SEMESTRE: 2',54,27,2,901,0,'Sin asignar',NULL,'Castellano','nan','nan','nan','nan','nan',NULL,NULL,1,'63 - GRADO EN INGENIERÍA INFORMÁTICA','2018-19','11/02/2019 11:41');
/*!40000 ALTER TABLE `horas2` ENABLE KEYS */;
UNLOCK TABLES;

--
-- Table structure for table `horasasignadas`
--

DROP TABLE IF EXISTS `horasasignadas`;
/*!40101 SET @saved_cs_client     = @@character_set_client */;
 SET character_set_client = utf8mb4 ;
CREATE TABLE `horasasignadas` (
  `CG` int(11) NOT NULL,
  `Grupo` varchar(45) NOT NULL,
  `Cprof` int(11) NOT NULL,
  `CA` int(11) NOT NULL,
  `Anno` varchar(45) NOT NULL,
  `HProfGrup` float DEFAULT NULL,
  PRIMARY KEY (`CG`,`Grupo`,`Cprof`,`CA`,`Anno`),
  KEY `GrHoras_idx` (`Grupo`),
  KEY `CpHoras_idx` (`Cprof`),
  KEY `CAHoras_idx` (`CA`),
  KEY `AnnoHoras_idx` (`Anno`),
  KEY `GrHoras` (`CA`,`Grupo`),
  CONSTRAINT `AnnoHoras` FOREIGN KEY (`Anno`) REFERENCES `listados` (`Anno`) ON DELETE CASCADE ON UPDATE CASCADE,
  CONSTRAINT `CGHoras` FOREIGN KEY (`CG`) REFERENCES `grados` (`CG`) ON DELETE CASCADE ON UPDATE CASCADE,
  CONSTRAINT `CpHoras` FOREIGN KEY (`Cprof`) REFERENCES `profesores` (`CProf`) ON DELETE CASCADE ON UPDATE CASCADE,
  CONSTRAINT `GrHoras` FOREIGN KEY (`CA`, `Grupo`) REFERENCES `grupos` (`CA`, `Grupo`) ON DELETE CASCADE ON UPDATE CASCADE
) ENGINE=InnoDB DEFAULT CHARSET=utf8;
/*!40101 SET character_set_client = @saved_cs_client */;

--
-- Dumping data for table `horasasignadas`
--

LOCK TABLES `horasasignadas` WRITE;
/*!40000 ALTER TABLE `horasasignadas` DISABLE KEYS */;
INSERT INTO `horasasignadas` VALUES (63,'1',0,6383,'2018-19',0),(63,'1',0,6386,'2018-19',0),(63,'1',5620,6349,'2018-19',27),(63,'1',11045,6352,'2018-19',27),(63,'1',11045,6364,'2018-19',27),(63,'1',13957,6384,'2018-19',0),(63,'1',14906,6362,'2018-19',27),(63,'1',24173,6360,'2018-19',13.5),(63,'1',24173,6374,'2018-19',0),(63,'1',24202,6353,'2018-19',0),(63,'1',29395,6358,'2018-19',27),(63,'1',29395,6364,'2018-19',0),(63,'1',29395,6381,'2018-19',27),(63,'1',34802,6347,'2018-19',0),(63,'1',39809,6361,'2018-19',0),(63,'1',39809,6382,'2018-19',13.5),(63,'1',40089,6359,'2018-19',0),(63,'1',40089,6382,'2018-19',13.5),(63,'1',40816,6378,'2018-19',27),(63,'1',40816,6389,'2018-19',0),(63,'1',43447,6360,'2018-19',0),(63,'1',43447,6369,'2018-19',13.5),(63,'1',46161,6379,'2018-19',13.5),(63,'1',46290,6373,'2018-19',27),(63,'1',46455,6376,'2018-19',26),(63,'1',48887,6356,'2018-19',0),(63,'1',48887,6363,'2018-19',0),(63,'1',48887,6391,'2018-19',3.69),(63,'1',49086,6344,'2018-19',13.5),(63,'1',52186,6351,'2018-19',9),(63,'1',52186,6390,'2018-19',1),(63,'1',53453,6368,'2018-19',0),(63,'1',55146,6357,'2018-19',27),(63,'1',55146,6371,'2018-19',13.5),(63,'1',55897,6365,'2018-19',27),(63,'1',55897,6388,'2018-19',0),(63,'1',55897,6391,'2018-19',1),(63,'1',56881,6380,'2018-19',27),(63,'1',56942,6344,'2018-19',13.5),(63,'1',63766,6366,'2018-19',13.5),(63,'1',63766,6377,'2018-19',27),(63,'1',63766,6379,'2018-19',13.5),(63,'1',63766,6387,'2018-19',27),(63,'1',72013,6385,'2018-19',27),(63,'1',72176,6377,'2018-19',0),(63,'1',72176,6379,'2018-19',0),(63,'1',72176,6387,'2018-19',0),(63,'1',74642,6346,'2018-19',0),(63,'1',74642,6351,'2018-19',18),(63,'1',74642,6376,'2018-19',1),(63,'1',74642,6391,'2018-19',10.08),(63,'1',74916,6375,'2018-19',27),(63,'1',84218,6351,'2018-19',0),(63,'1',100946,6355,'2018-19',27),(63,'1',1000058,6347,'2018-19',0),(63,'1',1000152,6365,'2018-19',0),(63,'1',1000152,6368,'2018-19',27),(63,'1',1000152,6391,'2018-19',1.84),(63,'1',1000219,6350,'2018-19',0),(63,'1',1000231,6347,'2018-19',27),(63,'1',1000287,6354,'2018-19',27),(63,'1',1000287,6371,'2018-19',13.5),(63,'1',1000287,6384,'2018-19',0),(63,'1',1000287,6391,'2018-19',5.54),(63,'1',1000333,6360,'2018-19',13.5),(63,'1',1000363,6348,'2018-19',27),(63,'1',1000368,6350,'2018-19',0),(63,'1',1000412,6366,'2018-19',13.5),(63,'1',1000412,6369,'2018-19',0),(63,'1',1000412,6378,'2018-19',0),(63,'1',1000412,6389,'2018-19',0),(63,'1',1000412,6391,'2018-19',13.77),(63,'1',1000432,6350,'2018-19',27),(63,'1',1000437,6367,'2018-19',0),(63,'1',1000437,6370,'2018-19',0),(63,'1',1000466,6372,'2018-19',27),(63,'1',1000466,6388,'2018-19',27),(63,'1',1000505,6353,'2018-19',27),(63,'1',1000505,6367,'2018-19',27),(63,'1',1000505,6370,'2018-19',27),(63,'1',1000637,6353,'2018-19',0),(63,'1',1000637,6372,'2018-19',0),(63,'1',1000653,6350,'2018-19',0),(63,'1',1000656,6345,'2018-19',27),(63,'1',1000942,6356,'2018-19',27),(63,'1',1000942,6363,'2018-19',27),(63,'1',1004836,6346,'2018-19',0),(63,'1',1008327,6361,'2018-19',0),(63,'1',1009788,6353,'2018-19',0),(63,'1',1013983,6346,'2018-19',27),(63,'1',1013983,6351,'2018-19',0),(63,'1',1014514,6369,'2018-19',0),(63,'1',1014514,6389,'2018-19',27),(63,'1',1015226,6369,'2018-19',13.5),(63,'1',1015226,6384,'2018-19',27),(63,'1',1015278,6361,'2018-19',27),(63,'1',1015483,6363,'2018-19',0),(63,'1',1015494,6359,'2018-19',0),(63,'101',0,6374,'2018-19',0),(63,'101',0,6383,'2018-19',0),(63,'101',0,6386,'2018-19',0),(63,'101',5620,6349,'2018-19',27),(63,'101',11045,6352,'2018-19',27),(63,'101',11045,6364,'2018-19',27),(63,'101',13957,6384,'2018-19',27),(63,'101',14906,6362,'2018-19',27),(63,'101',29395,6358,'2018-19',27),(63,'101',29395,6381,'2018-19',27),(63,'101',39809,6382,'2018-19',13.5),(63,'101',40089,6359,'2018-19',27),(63,'101',40089,6382,'2018-19',13.5),(63,'101',40816,6378,'2018-19',27),(63,'101',40816,6389,'2018-19',27),(63,'101',43447,6360,'2018-19',27),(63,'101',43447,6369,'2018-19',13.5),(63,'101',46290,6373,'2018-19',27),(63,'101',46455,6376,'2018-19',27),(63,'101',48887,6356,'2018-19',27),(63,'101',48887,6363,'2018-19',27),(63,'101',49086,6344,'2018-19',13.5),(63,'101',53453,6368,'2018-19',27),(63,'101',55146,6357,'2018-19',27),(63,'101',55146,6371,'2018-19',13.5),(63,'101',55897,6365,'2018-19',27),(63,'101',55897,6388,'2018-19',27),(63,'101',56881,6380,'2018-19',27),(63,'101',56942,6344,'2018-19',13.5),(63,'101',63766,6366,'2018-19',13.5),(63,'101',63766,6377,'2018-19',13.5),(63,'101',63766,6379,'2018-19',13.5),(63,'101',72013,6385,'2018-19',27),(63,'101',72176,6377,'2018-19',13.5),(63,'101',72176,6379,'2018-19',13.5),(63,'101',72176,6387,'2018-19',27),(63,'101',74642,6351,'2018-19',27),(63,'101',74916,6375,'2018-19',27),(63,'101',100946,6355,'2018-19',27),(63,'101',1000231,6347,'2018-19',27),(63,'101',1000287,6354,'2018-19',27),(63,'101',1000287,6371,'2018-19',13.5),(63,'101',1000363,6348,'2018-19',27),(63,'101',1000412,6366,'2018-19',13.5),(63,'101',1000432,6350,'2018-19',27),(63,'101',1000437,6367,'2018-19',27),(63,'101',1000437,6370,'2018-19',27),(63,'101',1000466,6372,'2018-19',0),(63,'101',1000637,6353,'2018-19',27),(63,'101',1000637,6372,'2018-19',27),(63,'101',1000656,6345,'2018-19',27),(63,'101',1008327,6361,'2018-19',27),(63,'101',1013983,6346,'2018-19',27),(63,'101',1014514,6369,'2018-19',13.5),(63,'102',5620,6349,'2018-19',27),(63,'102',11045,6352,'2018-19',27),(63,'102',14906,6362,'2018-19',27),(63,'102',29395,6358,'2018-19',27),(63,'102',29395,6364,'2018-19',27),(63,'102',40089,6359,'2018-19',27),(63,'102',43447,6360,'2018-19',13.5),(63,'102',43447,6369,'2018-19',13.5),(63,'102',46290,6373,'2018-19',27),(63,'102',48887,6363,'2018-19',15),(63,'102',49086,6344,'2018-19',13.5),(63,'102',53453,6368,'2018-19',27),(63,'102',55146,6357,'2018-19',27),(63,'102',55146,6371,'2018-19',13.5),(63,'102',55897,6365,'2018-19',27),(63,'102',56942,6344,'2018-19',13.5),(63,'102',63766,6366,'2018-19',13.5),(63,'102',84218,6351,'2018-19',27),(63,'102',100946,6355,'2018-19',27),(63,'102',1000231,6347,'2018-19',27),(63,'102',1000287,6354,'2018-19',27),(63,'102',1000287,6371,'2018-19',13.5),(63,'102',1000333,6360,'2018-19',13.5),(63,'102',1000363,6348,'2018-19',27),(63,'102',1000412,6366,'2018-19',13.5),(63,'102',1000432,6350,'2018-19',27),(63,'102',1000437,6367,'2018-19',27),(63,'102',1000437,6370,'2018-19',27),(63,'102',1000466,6372,'2018-19',0),(63,'102',1000637,6353,'2018-19',27),(63,'102',1000637,6372,'2018-19',27),(63,'102',1000656,6345,'2018-19',27),(63,'102',1000942,6356,'2018-19',27),(63,'102',1008327,6361,'2018-19',27),(63,'102',1013983,6346,'2018-19',27),(63,'102',1014514,6369,'2018-19',13.5),(63,'102',1015278,6363,'2018-19',12),(63,'103',5620,6349,'2018-19',27),(63,'103',11045,6352,'2018-19',27),(63,'103',14906,6362,'2018-19',27),(63,'103',24173,6360,'2018-19',13.5),(63,'103',29395,6358,'2018-19',27),(63,'103',49086,6344,'2018-19',13.5),(63,'103',52186,6351,'2018-19',27),(63,'103',55146,6357,'2018-19',27),(63,'103',56942,6344,'2018-19',13.5),(63,'103',74642,6346,'2018-19',27),(63,'103',100946,6355,'2018-19',27),(63,'103',1000219,6350,'2018-19',27),(63,'103',1000231,6347,'2018-19',27),(63,'103',1000287,6354,'2018-19',27),(63,'103',1000333,6360,'2018-19',13.5),(63,'103',1000363,6348,'2018-19',27),(63,'103',1000656,6345,'2018-19',27),(63,'103',1000942,6356,'2018-19',27),(63,'103',1008327,6361,'2018-19',27),(63,'103',1009788,6353,'2018-19',27),(63,'103',1015278,6363,'2018-19',27),(63,'103',1015494,6359,'2018-19',27),(63,'104',0,6348,'2018-19',0),(63,'104',0,6355,'2018-19',0),(63,'104',29395,6358,'2018-19',27),(63,'104',55146,6357,'2018-19',27),(63,'104',1000287,6354,'2018-19',27),(63,'104',1015494,6359,'2018-19',27),(63,'2',5679,6349,'2018-19',0),(63,'2',11045,6352,'2018-19',27),(63,'2',11045,6391,'2018-19',9),(63,'2',24202,6353,'2018-19',0),(63,'2',29395,6391,'2018-19',18),(63,'2',34802,6347,'2018-19',0),(63,'2',39809,6391,'2018-19',3.74),(63,'2',40089,6391,'2018-19',9.27),(63,'2',46455,6391,'2018-19',3.69),(63,'2',48887,6391,'2018-19',3.69),(63,'2',49086,6344,'2018-19',13.5),(63,'2',52186,6351,'2018-19',0),(63,'2',52186,6390,'2018-19',1),(63,'2',52186,6391,'2018-19',34.82),(63,'2',53453,6391,'2018-19',13.1),(63,'2',55897,6391,'2018-19',43.31),(63,'2',56942,6344,'2018-19',13.5),(63,'2',63766,6391,'2018-19',3.78),(63,'2',74642,6346,'2018-19',27),(63,'2',74642,6351,'2018-19',0),(63,'2',74642,6391,'2018-19',25.65),(63,'2',84218,6351,'2018-19',0),(63,'2',92704,6349,'2018-19',0),(63,'2',1000058,6347,'2018-19',27),(63,'2',1000219,6350,'2018-19',0),(63,'2',1000231,6347,'2018-19',0),(63,'2',1000287,6391,'2018-19',5.58),(63,'2',1000333,6391,'2018-19',5.94),(63,'2',1000363,6348,'2018-19',27),(63,'2',1000368,6350,'2018-19',0),(63,'2',1000412,6391,'2018-19',25.65),(63,'2',1000432,6350,'2018-19',27),(63,'2',1000466,6391,'2018-19',1.84),(63,'2',1000505,6353,'2018-19',27),(63,'2',1000634,6345,'2018-19',27),(63,'2',1000637,6391,'2018-19',3.69),(63,'2',1000653,6350,'2018-19',0),(63,'2',1000656,6345,'2018-19',0),(63,'2',1004836,6346,'2018-19',0),(63,'2',1009788,6353,'2018-19',0),(63,'2',1013983,6351,'2018-19',27),(63,'2',1016152,6349,'2018-19',27),(63,'201',5679,6349,'2018-19',27),(63,'201',11045,6352,'2018-19',27),(63,'201',34802,6347,'2018-19',27),(63,'201',49086,6344,'2018-19',13.5),(63,'201',56942,6344,'2018-19',13.5),(63,'201',1000363,6348,'2018-19',27),(63,'201',1000653,6350,'2018-19',27),(63,'201',1000656,6345,'2018-19',27),(63,'201',1004836,6346,'2018-19',27),(63,'201',1009788,6353,'2018-19',27),(63,'201',1013983,6351,'2018-19',27),(63,'202',11045,6352,'2018-19',27),(63,'202',49086,6344,'2018-19',13.5),(63,'202',56942,6344,'2018-19',13.5),(63,'202',74642,6346,'2018-19',27),(63,'202',92704,6349,'2018-19',27),(63,'202',1000058,6347,'2018-19',27),(63,'202',1000363,6348,'2018-19',27),(63,'202',1000368,6350,'2018-19',27),(63,'202',1000505,6353,'2018-19',27),(63,'202',1000634,6345,'2018-19',27),(63,'202',1013983,6351,'2018-19',27),(63,'203',0,6350,'2018-19',0),(63,'203',0,6352,'2018-19',0),(63,'203',49086,6344,'2018-19',13.5),(63,'203',56942,6344,'2018-19',13.5),(63,'203',1000058,6347,'2018-19',27),(63,'203',1000363,6348,'2018-19',27),(63,'203',1000505,6353,'2018-19',18),(63,'203',1000656,6345,'2018-19',0),(63,'203',1004836,6346,'2018-19',27),(63,'203',1009788,6353,'2018-19',9),(63,'203',1013983,6351,'2018-19',27),(63,'203',1016152,6349,'2018-19',27),(63,'204',24202,6353,'2018-19',27),(63,'204',84218,6351,'2018-19',27),(63,'90',0,6385,'2018-19',0),(63,'90',5679,6349,'2018-19',27),(63,'90',13957,6384,'2018-19',13.5),(63,'90',14906,6362,'2018-19',27),(63,'90',24173,6360,'2018-19',13.5),(63,'90',24202,6353,'2018-19',27),(63,'90',28423,6345,'2018-19',0),(63,'90',28423,6350,'2018-19',27),(63,'90',29395,6358,'2018-19',27),(63,'90',35796,6357,'2018-19',27),(63,'90',39809,6361,'2018-19',27),(63,'90',39809,6382,'2018-19',20.25),(63,'90',40089,6359,'2018-19',0),(63,'90',40089,6382,'2018-19',20.25),(63,'90',43447,6369,'2018-19',13.5),(63,'90',46161,6379,'2018-19',0),(63,'90',46290,6373,'2018-19',27),(63,'90',46455,6376,'2018-19',39),(63,'90',48887,6356,'2018-19',27),(63,'90',48887,6363,'2018-19',27),(63,'90',49086,6344,'2018-19',13.5),(63,'90',53453,6365,'2018-19',27),(63,'90',53453,6368,'2018-19',0),(63,'90',55897,6365,'2018-19',0),(63,'90',55897,6388,'2018-19',0),(63,'90',56942,6344,'2018-19',13.5),(63,'90',57862,6377,'2018-19',36),(63,'90',57862,6379,'2018-19',40.5),(63,'90',57862,6387,'2018-19',36),(63,'90',60856,6352,'2018-19',27),(63,'90',63766,6366,'2018-19',13.5),(63,'90',63766,6377,'2018-19',4.5),(63,'90',63766,6379,'2018-19',0),(63,'90',63766,6387,'2018-19',4.5),(63,'90',63766,6391,'2018-19',1),(63,'90',74642,6346,'2018-19',0),(63,'90',74642,6351,'2018-19',0),(63,'90',74642,6359,'2018-19',0),(63,'90',74642,6376,'2018-19',1.5),(63,'90',74642,6391,'2018-19',1),(63,'90',90225,6346,'2018-19',27),(63,'90',90225,6351,'2018-19',27),(63,'90',100946,6345,'2018-19',27),(63,'90',100946,6355,'2018-19',27),(63,'90',1000053,6347,'2018-19',18),(63,'90',1000058,6347,'2018-19',9),(63,'90',1000152,6365,'2018-19',0),(63,'90',1000152,6368,'2018-19',27),(63,'90',1000152,6386,'2018-19',0),(63,'90',1000235,6364,'2018-19',27),(63,'90',1000287,6354,'2018-19',27),(63,'90',1000287,6371,'2018-19',13.5),(63,'90',1000287,6384,'2018-19',27),(63,'90',1000333,6360,'2018-19',13.5),(63,'90',1000333,6391,'2018-19',1),(63,'90',1000363,6348,'2018-19',27),(63,'90',1000412,6366,'2018-19',13.5),(63,'90',1000412,6369,'2018-19',13.5),(63,'90',1000412,6389,'2018-19',40.5),(63,'90',1000412,6391,'2018-19',13.5),(63,'90',1000466,6359,'2018-19',27),(63,'90',1000466,6372,'2018-19',27),(63,'90',1000466,6388,'2018-19',40.5),(63,'90',1000505,6353,'2018-19',0),(63,'90',1000505,6367,'2018-19',27),(63,'90',1000505,6370,'2018-19',27),(63,'90',1000637,6386,'2018-19',0),(63,'90',1004835,6371,'2018-19',13.5),(63,'90',1015226,6369,'2018-19',0),(63,'901',0,6385,'2018-19',0),(63,'901',5679,6349,'2018-19',27),(63,'901',13957,6384,'2018-19',40.5),(63,'901',14906,6362,'2018-19',27),(63,'901',24173,6360,'2018-19',13.5),(63,'901',24202,6353,'2018-19',27),(63,'901',28423,6345,'2018-19',27),(63,'901',28423,6350,'2018-19',27),(63,'901',29395,6358,'2018-19',27),(63,'901',35796,6357,'2018-19',27),(63,'901',39809,6361,'2018-19',27),(63,'901',39809,6382,'2018-19',20.25),(63,'901',40089,6382,'2018-19',20.25),(63,'901',43447,6369,'2018-19',13.5),(63,'901',46161,6379,'2018-19',6.75),(63,'901',46290,6373,'2018-19',27),(63,'901',46455,6376,'2018-19',40.5),(63,'901',48887,6356,'2018-19',27),(63,'901',48887,6363,'2018-19',27),(63,'901',49086,6344,'2018-19',13.5),(63,'901',53453,6365,'2018-19',27),(63,'901',53453,6368,'2018-19',27),(63,'901',55897,6388,'2018-19',27),(63,'901',56942,6344,'2018-19',13.5),(63,'901',57862,6377,'2018-19',36),(63,'901',57862,6379,'2018-19',27),(63,'901',57862,6387,'2018-19',36),(63,'901',60856,6352,'2018-19',27),(63,'901',63766,6366,'2018-19',13.5),(63,'901',63766,6377,'2018-19',4.5),(63,'901',63766,6379,'2018-19',6.75),(63,'901',63766,6387,'2018-19',4.5),(63,'901',74642,6346,'2018-19',10),(63,'901',74642,6351,'2018-19',10),(63,'901',74642,6359,'2018-19',27),(63,'901',90225,6346,'2018-19',17),(63,'901',90225,6351,'2018-19',17),(63,'901',100946,6355,'2018-19',27),(63,'901',1000053,6347,'2018-19',18),(63,'901',1000058,6347,'2018-19',9),(63,'901',1000235,6364,'2018-19',27),(63,'901',1000287,6354,'2018-19',27),(63,'901',1000287,6371,'2018-19',13.5),(63,'901',1000333,6360,'2018-19',13.5),(63,'901',1000363,6348,'2018-19',27),(63,'901',1000412,6366,'2018-19',13.5),(63,'901',1000412,6389,'2018-19',40.5),(63,'901',1000505,6367,'2018-19',27),(63,'901',1000505,6370,'2018-19',27),(63,'901',1000637,6372,'2018-19',27),(63,'901',1000637,6386,'2018-19',0),(63,'901',1004835,6371,'2018-19',13.5),(63,'901',1015226,6369,'2018-19',13.5),(63,'902',24202,6353,'2018-19',27),(63,'902',28423,6345,'2018-19',27),(63,'902',28423,6350,'2018-19',27),(63,'902',49086,6344,'2018-19',13.5),(63,'902',56942,6344,'2018-19',13.5),(63,'902',60856,6352,'2018-19',27),(63,'902',74642,6346,'2018-19',10),(63,'902',74642,6351,'2018-19',10),(63,'902',90225,6346,'2018-19',17),(63,'902',90225,6351,'2018-19',17),(63,'902',1000053,6347,'2018-19',18),(63,'902',1000058,6347,'2018-19',9),(63,'902',1000363,6348,'2018-19',27),(63,'902',1009642,6349,'2018-19',27),(63,'91',29395,6391,'2018-19',13),(63,'91',63766,6391,'2018-19',1),(63,'91',74642,6391,'2018-19',1),(63,'91',1000333,6391,'2018-19',9),(63,'91',1000412,6391,'2018-19',13.5);
/*!40000 ALTER TABLE `horasasignadas` ENABLE KEYS */;
UNLOCK TABLES;

--
-- Temporary view structure for view `horasprofesor`
--

DROP TABLE IF EXISTS `horasprofesor`;
/*!50001 DROP VIEW IF EXISTS `horasprofesor`*/;
SET @saved_cs_client     = @@character_set_client;
SET character_set_client = utf8mb4;
/*!50001 CREATE VIEW `horasprofesor` AS SELECT 
 1 AS `CProf`,
 1 AS `Profesor`,
 1 AS `TpVp`,
 1 AS `HProfGrup`,
 1 AS `CG`*/;
SET character_set_client = @saved_cs_client;

--
-- Temporary view structure for view `horasprofesorv2`
--

DROP TABLE IF EXISTS `horasprofesorv2`;
/*!50001 DROP VIEW IF EXISTS `horasprofesorv2`*/;
SET @saved_cs_client     = @@character_set_client;
SET character_set_client = utf8mb4;
/*!50001 CREATE VIEW `horasprofesorv2` AS SELECT 
 1 AS `CProf`,
 1 AS `Profesor`,
 1 AS `Semestre 1`,
 1 AS `Semestre 2`,
 1 AS `Total`,
 1 AS `CG`*/;
SET character_set_client = @saved_cs_client;

--
-- Table structure for table `listados`
--

DROP TABLE IF EXISTS `listados`;
/*!40101 SET @saved_cs_client     = @@character_set_client */;
 SET character_set_client = utf8mb4 ;
CREATE TABLE `listados` (
  `Anno` varchar(45) NOT NULL,
  `Fecha` varchar(45) DEFAULT NULL,
  `CG` int(11) DEFAULT NULL,
  PRIMARY KEY (`Anno`),
  KEY `CG_idx` (`CG`),
  CONSTRAINT `CGList` FOREIGN KEY (`CG`) REFERENCES `grados` (`CG`) ON DELETE CASCADE ON UPDATE CASCADE
) ENGINE=InnoDB DEFAULT CHARSET=utf8;
/*!40101 SET character_set_client = @saved_cs_client */;

--
-- Dumping data for table `listados`
--

LOCK TABLES `listados` WRITE;
/*!40000 ALTER TABLE `listados` DISABLE KEYS */;
INSERT INTO `listados` VALUES ('2018-19','11/02/2019 11:41',63);
/*!40000 ALTER TABLE `listados` ENABLE KEYS */;
UNLOCK TABLES;

--
-- Table structure for table `profesores`
--

DROP TABLE IF EXISTS `profesores`;
/*!40101 SET @saved_cs_client     = @@character_set_client */;
 SET character_set_client = utf8mb4 ;
CREATE TABLE `profesores` (
  `CProf` int(11) NOT NULL,
  `Profesor` varchar(45) DEFAULT NULL,
  `Iprof` varchar(45) DEFAULT NULL,
  `Actas` varchar(45) DEFAULT NULL,
  `CDS` varchar(45) DEFAULT NULL,
  `Docencia` varchar(45) DEFAULT NULL,
  `Resp` varchar(45) DEFAULT NULL,
  `OfertaConjunta` float DEFAULT NULL,
  PRIMARY KEY (`CProf`)
) ENGINE=InnoDB DEFAULT CHARSET=utf8;
/*!40101 SET character_set_client = @saved_cs_client */;

--
-- Dumping data for table `profesores`
--

LOCK TABLES `profesores` WRITE;
/*!40000 ALTER TABLE `profesores` DISABLE KEYS */;
INSERT INTO `profesores` VALUES (0,'Sin asignar','nan','nan','nan','nan','nan',0),(5620,'COSIDO GARCIA, Aranzazu Lucia','Castellano','S','S','S','S',0),(5679,'ARROYO LORENZO, David','Castellano','N','S','N','N',0),(11045,'SANCHEZ ORTEGA, Pedro Luis','Castellano','S','S','S','S',0),(13957,'SECO MARTINEZ, Joaquin Pedro','Castellano','N','S','N','N',0),(14906,'PEÑA PEREZ, Maria Teresa','Castellano','S','S','S','S',0),(24173,'SARABIA ORTIZ, Daniel','Castellano','S','S','S','S',0),(24202,'CURIEL HERRERA, Leticia Elena','Castellano','N','S','N','N',0),(28423,'REGUERA LOPEZ, Nuria','Castellano','N','S','N','N',0),(29395,'REPRESA PEREZ, Cesar','Castellano','S','S','S','S',0),(34802,'GARCIA REGUERA, Fernando Manuel','Castellano','N','S','N','N',0),(35796,'REDONDO GUEVARA, Raquel','Castellano','S','S','S','N',0),(39809,'HERRERO COSIO, Alvaro','Castellano','N','S','N','S',0),(40089,'BARUQUE ZANON, Bruno','Castellano','N','S','N','S',0),(40816,'ALONSO ABAD, Jesus Maria','Castellano','S','S','S','N',0),(43447,'GOMEZ MERINO, Maria Beatriz','Castellano','N','S','N','N',0),(46161,'IZQUIERDO MILLAN, Luis Rodrigo','Castellano','N','S','S','N',0),(46290,'ZAPATERO MORENO, Maria Jose','Castellano','S','S','S','S',0),(46455,'RENEDO FERNANDEZ, Pedro','Castellano','N','S','S','N',0),(48887,'VAQUERIZO GARCIA, Maria Belen','Castellano','S','S','N','N',0),(49086,'LARA PALMA, Ana Maria','Castellano','S','S','S','S',0),(52186,'ARROYO PUENTE, Angel','Castellano','S','S','S','S',0),(53453,'ARNAIZ GONZALEZ, Alvar','Castellano','N','S','N','N',0),(55146,'MAUDES RAEDO, Jesus Manuel','Castellano','S','S','S','S',0),(55897,'DIEZ PASTOR, Jose Francisco','Castellano','S','S','S','N',0),(56881,'MORENO VELASCO, Ignacio','Castellano','S','S','S','S',0),(56942,'SANCHEZ SAIZ, Rosa Maria','Castellano','S','S','S','N',0),(57862,'SANTOS MARTIN, Jose Ignacio','Castellano','S','S','S','S',0),(60856,'ACHA ALEGRE, Santiago Emilio','Castellano','S','S','S','S',0),(63766,'GALAN ORDAX, Jose Manuel','Castellano','S','S','S','N',0),(72013,'MEDINA FERNANDEZ, Sergio','Castellano','S','S','S','S',0),(72176,'AHEDO GARCIA, Virginia','Castellano','N','S','N','N',0),(74642,'PARDO AGUILAR, Carlos','Castellano','N','S','N','N',0),(74916,'LOZANO PEREZ, Miguel Angel','Castellano','S','S','S','S',0),(84218,'JUEZ GIL, Mario','Castellano','N','S','N','N',0),(90225,'GONZALEZ MOYA, Francisco Javier','Castellano','S','S','S','N',0),(92704,'RUIZ GOMEZ, Lorena','Castellano','N','S','N','N',0),(100946,'LORENTE MARIN, Ana','Castellano','S','S','S','S',0),(1000053,'BLANCO MONTENEGRO, Maria Isabel','Castellano','S','S','S','S',0),(1000058,'BOL ARREBA, Alfredo','Castellano','N','S','N','N',0),(1000152,'GARCÍA OSORIO, César Ignacio','Castellano','S','S','S','S',0),(1000219,'FERNANDEZ SAINZ-AJA, Jose Luis','Castellano','N','S','N','N',0),(1000231,'CALVO RATHERT, Manuel','Castellano','S','S','S','S',0),(1000235,'CÁMARA NEBREDA, José María','Castellano','S','S','S','S',0),(1000287,'MARTICORENA SANCHEZ, Raul','Castellano','S','S','S','S',0),(1000333,'MERINO GOMEZ, Alejandro','Castellano','S','S','S','S',0),(1000363,'HERAS GONZALEZ, Maria Pilar de las','Castellano','S','S','S','S',0),(1000368,'HERNANDO IBEAS, Jose Luis','Castellano','N','S','N','N',0),(1000412,'LOPEZ NOZAL, Carlos','Castellano','S','S','S','S',0),(1000432,'PACHECO DE BONROSTRO, Ana Maria','Castellano','S','S','S','S',0),(1000437,'PARDO AGUILAR, Ignacio','Castellano','N','S','N','N',0),(1000466,'RODRIGUEZ DIEZ, Juan Jose','Completo','S','S','S','S',0),(1000505,'SAIZ DIEZ, Jose Manuel','Castellano','S','S','S','S',0),(1000634,'SEVILLA GALLO, Nuria','Castellano','S','S','S','S',0),(1000637,'SIERRA GARCIA, Jesus Enrique','Castellano','N','S','N','N',0),(1000653,'TOBAR PUENTE, Maria Soledad','Castellano','N','S','N','N',0),(1000656,'TORRES CABRERA, Maria Begoña','Castellano','S','S','S','S',0),(1000942,'LOPEZ LOPEZ, Jose Antonio','Castellano','S','S','S','N',0),(1004835,'MARTINEZ ABAD, Mario','Castellano','N','S','S','N',0),(1004836,'RODRIGUEZ ARRIBAS, Sandra','Castellano','N','S','N','N',0),(1008327,'CAUBILLA QUEVEDO, David','Castellano','N','S','N','N',0),(1009642,'ND PRAS AN SEIS MAS SEIS, Uno','Castellano','N','S','S','N',0),(1009788,'CANEPA ONETO, Antonio Jesus','Castellano','N','S','N','N',0),(1013983,'RODRIGUEZ DIAZ, Francisco Javier','Castellano','S','S','S','S',0),(1014514,'CAMBRA BASECA, Carlos','Castellano','N','S','N','N',0),(1015226,'ND PRAS SS CUATRO MAS CUATRO, UNO','Castellano','N','S','S','N',0),(1015278,'ND PRAS SS CINCO MAS CINCO, UNO','Castellano','N','S','S','N',0),(1015483,'ND PRAS SS CINCO MAS CINCO, UNO','Castellano','N','S','N','N',0),(1015494,'ND PRAS SS CUATRO MAS CUATRO, DOS','Castellano','N','S','N','N',0),(1016152,'SAEZ CUEVAS, Ana Maria','Castellano','S','S','S','S',0);
/*!40000 ALTER TABLE `profesores` ENABLE KEYS */;
UNLOCK TABLES;

--
-- Temporary view structure for view `profesoresasignaturas`
--

DROP TABLE IF EXISTS `profesoresasignaturas`;
/*!50001 DROP VIEW IF EXISTS `profesoresasignaturas`*/;
SET @saved_cs_client     = @@character_set_client;
SET character_set_client = utf8mb4;
/*!50001 CREATE VIEW `profesoresasignaturas` AS SELECT 
 1 AS `CProf`,
 1 AS `Profesor`,
 1 AS `CA`,
 1 AS `Asignatura`,
 1 AS `Curso`,
 1 AS `TpVp`,
 1 AS `CG`,
 1 AS `Grado`*/;
SET character_set_client = @saved_cs_client;

--
-- Temporary view structure for view `profesoresasignaturasgrupos`
--

DROP TABLE IF EXISTS `profesoresasignaturasgrupos`;
/*!50001 DROP VIEW IF EXISTS `profesoresasignaturasgrupos`*/;
SET @saved_cs_client     = @@character_set_client;
SET character_set_client = utf8mb4;
/*!50001 CREATE VIEW `profesoresasignaturasgrupos` AS SELECT 
 1 AS `CProf`,
 1 AS `Profesor`,
 1 AS `CA`,
 1 AS `Asignatura`,
 1 AS `Curso`,
 1 AS `TpVp`,
 1 AS `Grupo`,
 1 AS `CG`,
 1 AS `Grado`*/;
SET character_set_client = @saved_cs_client;

--
-- Dumping routines for database 'datawarehouse'
--
/*!50003 DROP PROCEDURE IF EXISTS `borrarTablas` */;
/*!50003 SET @saved_cs_client      = @@character_set_client */ ;
/*!50003 SET @saved_cs_results     = @@character_set_results */ ;
/*!50003 SET @saved_col_connection = @@collation_connection */ ;
/*!50003 SET character_set_client  = utf8mb4 */ ;
/*!50003 SET character_set_results = utf8mb4 */ ;
/*!50003 SET collation_connection  = utf8mb4_0900_ai_ci */ ;
/*!50003 SET @saved_sql_mode       = @@sql_mode */ ;
/*!50003 SET sql_mode              = 'STRICT_TRANS_TABLES,NO_ENGINE_SUBSTITUTION' */ ;
DELIMITER ;;
CREATE DEFINER=`root`@`localhost` PROCEDURE `borrarTablas`()
BEGIN
drop table if exists horas;
drop table if exists horasasignadas;
drop table if exists grupos;
drop table if exists profesores;
drop table if exists listados;
drop table if exists asignaturas;
drop table if exists grados;

END ;;
DELIMITER ;
/*!50003 SET sql_mode              = @saved_sql_mode */ ;
/*!50003 SET character_set_client  = @saved_cs_client */ ;
/*!50003 SET character_set_results = @saved_cs_results */ ;
/*!50003 SET collation_connection  = @saved_col_connection */ ;
/*!50003 DROP PROCEDURE IF EXISTS `generarTablas01` */;
/*!50003 SET @saved_cs_client      = @@character_set_client */ ;
/*!50003 SET @saved_cs_results     = @@character_set_results */ ;
/*!50003 SET @saved_col_connection = @@collation_connection */ ;
/*!50003 SET character_set_client  = utf8mb4 */ ;
/*!50003 SET character_set_results = utf8mb4 */ ;
/*!50003 SET collation_connection  = utf8mb4_0900_ai_ci */ ;
/*!50003 SET @saved_sql_mode       = @@sql_mode */ ;
/*!50003 SET sql_mode              = 'STRICT_TRANS_TABLES,NO_ENGINE_SUBSTITUTION' */ ;
DELIMITER ;;
CREATE DEFINER=`root`@`localhost` PROCEDURE `generarTablas01`()
BEGIN

drop table if exists horas;
drop table if exists grupo;
drop table if exists profesor;
drop table if exists listado;
drop table if exists asignaturas;
drop table if exists grado;

create table grado(
	`CG` INT NOT NULL,
	`Grado` VARCHAR(45),
  PRIMARY KEY (`CG`));
  
create table asignaturas (
  `CA` INT NOT NULL,
  `Asignatura` VARCHAR(50) ,
  `Curso` INT ,
  `TpVp` VARCHAR(45) ,
  `TipDoc` INT ,
  `HDocAsig` FLOAT ,
  `Grado` INT ,
  PRIMARY KEY (`CA`),
  INDEX `CG_idx` (`Grado` ASC) VISIBLE,
  CONSTRAINT `CGAsig`
    FOREIGN KEY (`Grado`)
    REFERENCES `datawarehouse`.`grado` (`CG`)
    ON DELETE CASCADE
    ON UPDATE CASCADE);

create table listado (
  `Año` VARCHAR(45) NOT NULL,
  `Fecha` VARCHAR(45) ,
  `Grado` INT ,
  PRIMARY KEY (`Año`),
  INDEX `CG_idx` (`Grado` ASC) VISIBLE,
  CONSTRAINT `CGListado`
    FOREIGN KEY (`Grado`)
    REFERENCES `datawarehouse`.`grado` (`CG`)
    ON DELETE CASCADE
    ON UPDATE CASCADE);
    
create table profesor (
  `Cprof` INT NOT NULL,
  `Profesor` VARCHAR(45) ,
  `Iprof` VARCHAR(45) ,
  `Actas` VARCHAR(45) ,
  `CDS` VARCHAR(45) ,
  `Docencia` VARCHAR(45) ,
  `Resp` VARCHAR(45) ,
  `OfertaConjunta` FLOAT ,
  PRIMARY KEY (`Cprof`));
  
create table grupo (
`Grupo` INT NOT NULL,
  `Igrupo` VARCHAR(45) ,
  `Macrogrupo` FLOAT ,
  `HDocTipGr` FLOAT ,
  `CA` INT NOT NULL,
  PRIMARY KEY (`Grupo`, `CA`),
  INDEX `CA_idx` (`CA` ASC) VISIBLE,
  CONSTRAINT `CA`
    FOREIGN KEY (`CA`)
    REFERENCES `datawarehouse`.`asignaturas` (`CA`)
    ON DELETE CASCADE
    ON UPDATE CASCADE);
    
create table horas (
`CG` INT NOT NULL,
  `Grupo` INT NOT NULL,
  `Cprof` INT NOT NULL,
  `CA` INT NOT NULL,
  `Año` VARCHAR(45) NOT NULL,
  `HProfGrup` FLOAT ,
  PRIMARY KEY (`CG`, `Grupo`, `Cprof`, `CA`, `Año`),
  INDEX `CAHoras_idx` (`CA` ASC) VISIBLE,
  INDEX `GrupoHoras_idx` (`Grupo` ASC) VISIBLE,
  INDEX `AñoHoras_idx` (`Año` ASC) VISIBLE,
  INDEX `CPHoras_idx` (`Cprof` ASC) VISIBLE,
  CONSTRAINT `CGHoras`
    FOREIGN KEY (`CG`)
    REFERENCES `datawarehouse`.`grado` (`CG`)
    ON DELETE CASCADE
    ON UPDATE CASCADE,
  CONSTRAINT `CAHoras`
    FOREIGN KEY (`CA`)
    REFERENCES `datawarehouse`.`asignaturas` (`CA`)
    ON DELETE CASCADE
    ON UPDATE CASCADE,
  CONSTRAINT `GrupoHoras`
    FOREIGN KEY (`Grupo`)
    REFERENCES `datawarehouse`.`grupo` (`Grupo`)
    ON DELETE CASCADE
    ON UPDATE CASCADE,
  CONSTRAINT `AñoHoras`
    FOREIGN KEY (`Año`)
    REFERENCES `datawarehouse`.`listado` (`Año`)
    ON DELETE CASCADE
    ON UPDATE CASCADE,
  CONSTRAINT `CPHoras`
    FOREIGN KEY (`Cprof`)
    REFERENCES `datawarehouse`.`profesor` (`Cprof`)
    ON DELETE CASCADE
    ON UPDATE CASCADE);
    
END ;;
DELIMITER ;
/*!50003 SET sql_mode              = @saved_sql_mode */ ;
/*!50003 SET character_set_client  = @saved_cs_client */ ;
/*!50003 SET character_set_results = @saved_cs_results */ ;
/*!50003 SET collation_connection  = @saved_col_connection */ ;
/*!50003 DROP PROCEDURE IF EXISTS `generarTablas02` */;
/*!50003 SET @saved_cs_client      = @@character_set_client */ ;
/*!50003 SET @saved_cs_results     = @@character_set_results */ ;
/*!50003 SET @saved_col_connection = @@collation_connection */ ;
/*!50003 SET character_set_client  = utf8mb4 */ ;
/*!50003 SET character_set_results = utf8mb4 */ ;
/*!50003 SET collation_connection  = utf8mb4_0900_ai_ci */ ;
/*!50003 SET @saved_sql_mode       = @@sql_mode */ ;
/*!50003 SET sql_mode              = 'STRICT_TRANS_TABLES,NO_ENGINE_SUBSTITUTION' */ ;
DELIMITER ;;
CREATE DEFINER=`root`@`localhost` PROCEDURE `generarTablas02`()
BEGIN

drop table if exists horasasignadas;
drop table if exists grupos;
drop table if exists profesores;
drop table if exists listados;
drop table if exists asignaturas;
drop table if exists grados;

create table grados(
	`CG` INT NOT NULL,
	`Grado` VARCHAR(45),
  PRIMARY KEY (`CG`));
  
CREATE TABLE asignaturas (
  `CA` INT NOT NULL,
  `Asignatura` VARCHAR(50) NULL,
  `Curso` INT NULL,
  `TpVp` VARCHAR(45) NULL,
  `HDocAsig` FLOAT NULL,
  `CG` INT NULL,
  PRIMARY KEY (`CA`),
  INDEX `CG_idx` (`CG` ASC) VISIBLE,
  CONSTRAINT `CGAsig`
    FOREIGN KEY (`CG`)
    REFERENCES `datawarehouse`.`grados` (`CG`)
    ON DELETE CASCADE
    ON UPDATE CASCADE);
    
CREATE TABLE grupos (
  `Grupo` VARCHAR(45) NOT NULL,
  `Igrup` VARCHAR(60) NULL,
  `Macrogrupo` FLOAT NULL,
  `HDocTipGr` FLOAT NULL,
  `TipDoc` INT NULL,
  `CA` INT NOT NULL,
  PRIMARY KEY (`CA`,`Grupo`),
  INDEX `CA_idx` (`CA` ASC) VISIBLE,
  CONSTRAINT `CA`
    FOREIGN KEY (`CA`)
    REFERENCES `datawarehouse`.`asignaturas` (`CA`)
    ON DELETE CASCADE
    ON UPDATE CASCADE);
    
CREATE TABLE profesores (
  `CProf` INT NOT NULL,
  `Profesor` VARCHAR(45) NULL,
  `Iprof` VARCHAR(45) NULL,
  `Actas` VARCHAR(45) NULL,
  `CDS` VARCHAR(45) NULL,
  `Docencia` VARCHAR(45) NULL,
  `Resp` VARCHAR(45) NULL,
  `OfertaConjunta` FLOAT NULL,
  PRIMARY KEY (`CProf`));
  
CREATE TABLE listados (
  `Anno` VARCHAR(45) NOT NULL,
  `Fecha` VARCHAR(45) NULL,
  `CG` INT NULL,
  PRIMARY KEY (`Anno`),
  INDEX `CG_idx` (`CG` ASC) VISIBLE,
  CONSTRAINT `CGList`
    FOREIGN KEY (`CG`)
    REFERENCES `datawarehouse`.`grados` (`CG`)
    ON DELETE CASCADE
    ON UPDATE CASCADE);

CREATE TABLE horasasignadas (
  `CG` INT NOT NULL,
  `Grupo` VARCHAR(45) NOT NULL,
  `Cprof` INT NOT NULL,
  `CA` INT NOT NULL,
  `Anno` VARCHAR(45) NOT NULL,
  `HProfGrup` FLOAT NULL,
  PRIMARY KEY (`CG`, `Grupo`, `Cprof`, `CA`, `Anno`),
  INDEX `GrHoras_idx` (`Grupo` ASC) VISIBLE,
  INDEX `CpHoras_idx` (`Cprof` ASC) VISIBLE,
  INDEX `CAHoras_idx` (`CA` ASC) VISIBLE,
  INDEX `AnnoHoras_idx` (`Anno` ASC) VISIBLE,
  CONSTRAINT `CGHoras`
    FOREIGN KEY (`CG`)
    REFERENCES `datawarehouse`.`grados` (`CG`)
    ON DELETE CASCADE
    ON UPDATE CASCADE,
  CONSTRAINT `GrHoras`
    FOREIGN KEY (`CA`,`Grupo`)
    REFERENCES `datawarehouse`.`grupos` (`CA`,`Grupo`)
    ON DELETE CASCADE
    ON UPDATE CASCADE,
  CONSTRAINT `CpHoras`
    FOREIGN KEY (`Cprof`)
    REFERENCES `datawarehouse`.`profesores` (`CProf`)
    ON DELETE CASCADE
    ON UPDATE CASCADE,
  CONSTRAINT `AnnoHoras`
    FOREIGN KEY (`Anno`)
    REFERENCES `datawarehouse`.`listados` (`Anno`)
    ON DELETE CASCADE
    ON UPDATE CASCADE);
END ;;
DELIMITER ;
/*!50003 SET sql_mode              = @saved_sql_mode */ ;
/*!50003 SET character_set_client  = @saved_cs_client */ ;
/*!50003 SET character_set_results = @saved_cs_results */ ;
/*!50003 SET collation_connection  = @saved_col_connection */ ;

--
-- Final view structure for view `asignaturasorden`
--

/*!50001 DROP VIEW IF EXISTS `asignaturasorden`*/;
/*!50001 SET @saved_cs_client          = @@character_set_client */;
/*!50001 SET @saved_cs_results         = @@character_set_results */;
/*!50001 SET @saved_col_connection     = @@collation_connection */;
/*!50001 SET character_set_client      = utf8mb4 */;
/*!50001 SET character_set_results     = utf8mb4 */;
/*!50001 SET collation_connection      = utf8mb4_0900_ai_ci */;
/*!50001 CREATE ALGORITHM=UNDEFINED */
/*!50013 DEFINER=`root`@`localhost` SQL SECURITY DEFINER */
/*!50001 VIEW `asignaturasorden` AS select `dataframeview`.`CA` AS `CA`,`dataframeview`.`Asignatura` AS `Asignatura`,`dataframeview`.`Curso` AS `Curso`,`dataframeview`.`TpVp` AS `TpVp`,`dataframeview`.`CG` AS `CG`,`dataframeview`.`Grado` AS `Grado`,sum(`dataframeview`.`HProfGrup`) AS `HProfGrup` from `dataframeview` group by `dataframeview`.`CA` order by `dataframeview`.`Curso`,`dataframeview`.`TpVp`,`dataframeview`.`CA` */;
/*!50001 SET character_set_client      = @saved_cs_client */;
/*!50001 SET character_set_results     = @saved_cs_results */;
/*!50001 SET collation_connection      = @saved_col_connection */;

--
-- Final view structure for view `dataframeview`
--

/*!50001 DROP VIEW IF EXISTS `dataframeview`*/;
/*!50001 SET @saved_cs_client          = @@character_set_client */;
/*!50001 SET @saved_cs_results         = @@character_set_results */;
/*!50001 SET @saved_col_connection     = @@collation_connection */;
/*!50001 SET character_set_client      = utf8mb4 */;
/*!50001 SET character_set_results     = utf8mb4 */;
/*!50001 SET collation_connection      = utf8mb4_0900_ai_ci */;
/*!50001 CREATE ALGORITHM=UNDEFINED */
/*!50013 DEFINER=`root`@`localhost` SQL SECURITY DEFINER */
/*!50001 VIEW `dataframeview` AS select `asignaturas`.`CA` AS `CA`,`asignaturas`.`Asignatura` AS `Asignatura`,`asignaturas`.`Curso` AS `Curso`,`asignaturas`.`TpVp` AS `TpVp`,`asignaturas`.`HDocAsig` AS `HDocAsig`,`grupos`.`HDocTipGr` AS `HDocTipGr`,`grupos`.`TipDoc` AS `TipDoc`,`grupos`.`Grupo` AS `Grupo`,`profesores`.`CProf` AS `CProf`,`profesores`.`Profesor` AS `Profesor`,`horasasignadas`.`HProfGrup` AS `HProfGrup`,`grupos`.`Igrup` AS `Igrup`,`profesores`.`Iprof` AS `Iprof`,`profesores`.`Actas` AS `Actas`,`profesores`.`CDS` AS `CDS`,`profesores`.`Docencia` AS `Docencia`,`profesores`.`Resp` AS `Resp`,`grupos`.`Macrogrupo` AS `Macrogrupo`,`profesores`.`OfertaConjunta` AS `OfertaConjunta`,`grados`.`CG` AS `CG`,`grados`.`Grado` AS `Grado`,`listados`.`Anno` AS `Anno`,`listados`.`Fecha` AS `Fecha` from (((((`grados` join `asignaturas` on((`grados`.`CG` = `asignaturas`.`CG`))) join `grupos` on((`asignaturas`.`CA` = `grupos`.`CA`))) join `listados` on((`grados`.`CG` = `listados`.`CG`))) join `horasasignadas` on(((`grados`.`CG` = `horasasignadas`.`CG`) and (`asignaturas`.`CA` = `horasasignadas`.`CA`) and (`grupos`.`Grupo` = `horasasignadas`.`Grupo`) and (`listados`.`Anno` = `horasasignadas`.`Anno`)))) join `profesores` on((`horasasignadas`.`Cprof` = `profesores`.`CProf`))) */;
/*!50001 SET character_set_client      = @saved_cs_client */;
/*!50001 SET character_set_results     = @saved_cs_results */;
/*!50001 SET collation_connection      = @saved_col_connection */;

--
-- Final view structure for view `horasprofesor`
--

/*!50001 DROP VIEW IF EXISTS `horasprofesor`*/;
/*!50001 SET @saved_cs_client          = @@character_set_client */;
/*!50001 SET @saved_cs_results         = @@character_set_results */;
/*!50001 SET @saved_col_connection     = @@collation_connection */;
/*!50001 SET character_set_client      = utf8mb4 */;
/*!50001 SET character_set_results     = utf8mb4 */;
/*!50001 SET collation_connection      = utf8mb4_0900_ai_ci */;
/*!50001 CREATE ALGORITHM=UNDEFINED */
/*!50013 DEFINER=`root`@`localhost` SQL SECURITY DEFINER */
/*!50001 VIEW `horasprofesor` AS select `dataframeview`.`CProf` AS `CProf`,`dataframeview`.`Profesor` AS `Profesor`,`dataframeview`.`TpVp` AS `TpVp`,round(sum(`dataframeview`.`HProfGrup`),2) AS `HProfGrup`,`dataframeview`.`CG` AS `CG` from `dataframeview` group by `dataframeview`.`CProf`,`dataframeview`.`TpVp` order by `dataframeview`.`CProf` */;
/*!50001 SET character_set_client      = @saved_cs_client */;
/*!50001 SET character_set_results     = @saved_cs_results */;
/*!50001 SET collation_connection      = @saved_col_connection */;

--
-- Final view structure for view `horasprofesorv2`
--

/*!50001 DROP VIEW IF EXISTS `horasprofesorv2`*/;
/*!50001 SET @saved_cs_client          = @@character_set_client */;
/*!50001 SET @saved_cs_results         = @@character_set_results */;
/*!50001 SET @saved_col_connection     = @@collation_connection */;
/*!50001 SET character_set_client      = utf8mb4 */;
/*!50001 SET character_set_results     = utf8mb4 */;
/*!50001 SET collation_connection      = utf8mb4_0900_ai_ci */;
/*!50001 CREATE ALGORITHM=UNDEFINED */
/*!50013 DEFINER=`root`@`localhost` SQL SECURITY DEFINER */
/*!50001 VIEW `horasprofesorv2` AS select (case when isnull(`hp1`.`CProf`) then `hp2`.`CProf` else `hp1`.`CProf` end) AS `CProf`,(case when isnull(`hp1`.`Profesor`) then `hp2`.`Profesor` else `hp1`.`Profesor` end) AS `Profesor`,`hp1`.`Semestre 1` AS `Semestre 1`,`hp2`.`Semestre 2` AS `Semestre 2`,(`hp1`.`Semestre 1` + `hp2`.`Semestre 2`) AS `Total`,(case when isnull(`hp1`.`CG`) then `hp2`.`CG` else `hp1`.`CG` end) AS `CG` from ((select `horasprofesor`.`CProf` AS `CProf`,`horasprofesor`.`Profesor` AS `Profesor`,`horasprofesor`.`HProfGrup` AS `Semestre 1`,`horasprofesor`.`CG` AS `CG` from `horasprofesor` where (`horasprofesor`.`TpVp` = 'SEMESTRE: 1')) `hp1` join (select `horasprofesor`.`CProf` AS `CProf`,`horasprofesor`.`Profesor` AS `Profesor`,`horasprofesor`.`HProfGrup` AS `Semestre 2`,`horasprofesor`.`CG` AS `CG` from `horasprofesor` where (`horasprofesor`.`TpVp` = 'SEMESTRE: 2')) `hp2` on((`hp1`.`CProf` = `hp2`.`CProf`))) order by (case when isnull(`hp1`.`CProf`) then `hp2`.`CProf` else `hp1`.`CProf` end),(case when isnull(`hp1`.`Profesor`) then `hp2`.`Profesor` else `hp1`.`Profesor` end) */;
/*!50001 SET character_set_client      = @saved_cs_client */;
/*!50001 SET character_set_results     = @saved_cs_results */;
/*!50001 SET collation_connection      = @saved_col_connection */;

--
-- Final view structure for view `profesoresasignaturas`
--

/*!50001 DROP VIEW IF EXISTS `profesoresasignaturas`*/;
/*!50001 SET @saved_cs_client          = @@character_set_client */;
/*!50001 SET @saved_cs_results         = @@character_set_results */;
/*!50001 SET @saved_col_connection     = @@collation_connection */;
/*!50001 SET character_set_client      = utf8mb4 */;
/*!50001 SET character_set_results     = utf8mb4 */;
/*!50001 SET collation_connection      = utf8mb4_0900_ai_ci */;
/*!50001 CREATE ALGORITHM=UNDEFINED */
/*!50013 DEFINER=`root`@`localhost` SQL SECURITY DEFINER */
/*!50001 VIEW `profesoresasignaturas` AS select `dataframeview`.`CProf` AS `CProf`,`dataframeview`.`Profesor` AS `Profesor`,`dataframeview`.`CA` AS `CA`,`dataframeview`.`Asignatura` AS `Asignatura`,`dataframeview`.`Curso` AS `Curso`,`dataframeview`.`TpVp` AS `TpVp`,`dataframeview`.`CG` AS `CG`,`dataframeview`.`Grado` AS `Grado` from `dataframeview` group by `dataframeview`.`CProf` order by `dataframeview`.`Curso`,`dataframeview`.`TpVp`,`dataframeview`.`CA` */;
/*!50001 SET character_set_client      = @saved_cs_client */;
/*!50001 SET character_set_results     = @saved_cs_results */;
/*!50001 SET collation_connection      = @saved_col_connection */;

--
-- Final view structure for view `profesoresasignaturasgrupos`
--

/*!50001 DROP VIEW IF EXISTS `profesoresasignaturasgrupos`*/;
/*!50001 SET @saved_cs_client          = @@character_set_client */;
/*!50001 SET @saved_cs_results         = @@character_set_results */;
/*!50001 SET @saved_col_connection     = @@collation_connection */;
/*!50001 SET character_set_client      = utf8mb4 */;
/*!50001 SET character_set_results     = utf8mb4 */;
/*!50001 SET collation_connection      = utf8mb4_0900_ai_ci */;
/*!50001 CREATE ALGORITHM=UNDEFINED */
/*!50013 DEFINER=`root`@`localhost` SQL SECURITY DEFINER */
/*!50001 VIEW `profesoresasignaturasgrupos` AS select `dataframeview`.`CProf` AS `CProf`,`dataframeview`.`Profesor` AS `Profesor`,`dataframeview`.`CA` AS `CA`,`dataframeview`.`Asignatura` AS `Asignatura`,`dataframeview`.`Curso` AS `Curso`,`dataframeview`.`TpVp` AS `TpVp`,`dataframeview`.`Grupo` AS `Grupo`,`dataframeview`.`CG` AS `CG`,`dataframeview`.`Grado` AS `Grado` from `dataframeview` order by `dataframeview`.`Curso`,`dataframeview`.`TpVp`,`dataframeview`.`CA`,`dataframeview`.`CProf`,`dataframeview`.`Grupo` */;
/*!50001 SET character_set_client      = @saved_cs_client */;
/*!50001 SET character_set_results     = @saved_cs_results */;
/*!50001 SET collation_connection      = @saved_col_connection */;
/*!40103 SET TIME_ZONE=@OLD_TIME_ZONE */;

/*!40101 SET SQL_MODE=@OLD_SQL_MODE */;
/*!40014 SET FOREIGN_KEY_CHECKS=@OLD_FOREIGN_KEY_CHECKS */;
/*!40014 SET UNIQUE_CHECKS=@OLD_UNIQUE_CHECKS */;
/*!40101 SET CHARACTER_SET_CLIENT=@OLD_CHARACTER_SET_CLIENT */;
/*!40101 SET CHARACTER_SET_RESULTS=@OLD_CHARACTER_SET_RESULTS */;
/*!40101 SET COLLATION_CONNECTION=@OLD_COLLATION_CONNECTION */;
/*!40111 SET SQL_NOTES=@OLD_SQL_NOTES */;

-- Dump completed on 2020-01-31 10:41:31
